2026-09-29T09:39:49.058-05:00  INFO 21156 --- [demo] [restartedMain] com.spring.demo.DemoApplication          : Starting DemoApplication using Java 17.0.20.1 with PID 21156 (C:\Users\EthanWilson\Git_Repos\demo\target\classes started by EthanWilson in C:\Users\EthanWilson\Git_Repos\demo)
2026-09-29T09:39:49.069-05:00  INFO 21156 --- [demo] [restartedMain] com.spring.demo.DemoApplication          : No active profile set, falling back to 1 default profile: "default"
2026-09-29T09:39:49.165-05:00  INFO 21156 --- [demo] [restartedMain] .e.DevToolsPropertyDefaultsPostProcessor : Devtools property defaults active! Set 'spring.devtools.add-properties' to 'false' to disable
2026-09-29T09:39:49.166-05:00  INFO 21156 --- [demo] [restartedMain] .e.DevToolsPropertyDefaultsPostProcessor : For additional web related logging consider setting the 'logging.level.web' property to 'DEBUG'
2026-09-29T09:39:53.367-05:00  INFO 21156 --- [demo] [restartedMain] o.s.boot.tomcat.TomcatWebServer          : Tomcat initialized with port 8080 (http)
2026-09-29T09:39:53.409-05:00  INFO 21156 --- [demo] [restartedMain] o.apache.catalina.core.StandardService   : Starting service [Tomcat]
2026-09-29T09:39:53.412-05:00  INFO 21156 --- [demo] [restartedMain] o.apache.catalina.core.StandardEngine    : Starting Servlet engine: [Apache Tomcat/11.0.24]
2026-09-29T09:39:53.517-05:00  INFO 21156 --- [demo] [restartedMain] b.w.c.s.WebApplicationContextInitializer : Root WebApplicationContext: initialization completed in 4350 ms
2026-09-29T09:39:54.427-05:00  INFO 21156 --- [demo] [restartedMain] o.s.boot.tomcat.TomcatWebServer          : Tomcat started on port 8080 (http) with context path '/'
2026-09-29T09:39:55.103-05:00  INFO 21156 --- [demo] [restartedMain] o.s.b.a.e.web.EndpointLinksResolver      : Exposing 13 endpoints beneath base path '/actuator'
2026-09-29T09:39:55.130-05:00  INFO 21156 --- [demo] [restartedMain] com.spring.demo.DemoApplication          : Started DemoApplication in 7.146 seconds (process running for 8.313)
2026-09-29T09:40:02.393-05:00  INFO 21156 --- [demo] [http-nio-8080-exec-1] o.a.c.c.C.[Tomcat].[localhost].[/]       : Initializing Spring DispatcherServlet 'dispatcherServlet'
2026-09-29T09:40:02.408-05:00  INFO 21156 --- [demo] [http-nio-8080-exec-1] o.s.web.servlet.DispatcherServlet        : Initializing Servlet 'dispatcherServlet'
2026-09-29T09:40:02.793-05:00  INFO 21156 --- [demo] [http-nio-8080-exec-1] o.s.web.servlet.DispatcherServlet        : Completed initialization in 381 ms
2026-09-29T09:40:03.052-05:00  INFO 21156 --- [demo] [http-nio-8080-exec-1] r$InitializeUserDetailsManagerConfigurer : Global AuthenticationManager configured with UserDetailsService bean with name inMemoryUserDetailsManager
2026-09-29T09:40:03.924-05:00  WARN 21156 --- [demo] [http-nio-8080-exec-1] o.a.c.util.SessionIdGeneratorBase        : Creation of SecureRandom instance for session ID generation using [SHA1PRNG] took [137] milliseconds.
2026-09-29T09:40:13.434-05:00  INFO 21156 --- [demo] [http-nio-8080-exec-9] com.spring.demo.rest.MyFirstController   : GET requst on /
2026-09-29T09:43:50.921-05:00  INFO 21156 --- [demo] [File Watcher] rtingClassPathChangeChangedEventListener : Restarting due to 1 class path change (1 addition, 0 deletions, 0 modifications)
2026-09-29T09:43:50.954-05:00  INFO 21156 --- [demo] [Thread-1] o.s.boot.tomcat.GracefulShutdown         : Commencing graceful shutdown. Waiting for active requests to complete
2026-09-29T09:43:51.934-05:00  INFO 21156 --- [demo] [tomcat-shutdown] o.s.boot.tomcat.GracefulShutdown         : Graceful shutdown complete
2026-09-29T09:43:52.147-05:00  INFO 21156 --- [demo] [restartedMain] com.spring.demo.DemoApplication          : Starting DemoApplication using Java 17.0.20.1 with PID 21156 (C:\Users\EthanWilson\Git_Repos\demo\target\classes started by EthanWilson in C:\Users\EthanWilson\Git_Repos\demo)
2026-09-29T09:43:52.148-05:00  INFO 21156 --- [demo] [restartedMain] com.spring.demo.DemoApplication          : No active profile set, falling back to 1 default profile: "default"
2026-09-29T09:43:52.724-05:00  INFO 21156 --- [demo] [restartedMain] o.s.boot.tomcat.TomcatWebServer          : Tomcat initialized with port 8080 (http)
2026-09-29T09:43:52.727-05:00  INFO 21156 --- [demo] [restartedMain] o.apache.catalina.core.StandardService   : Starting service [Tomcat]
2026-09-29T09:43:52.728-05:00  INFO 21156 --- [demo] [restartedMain] o.apache.catalina.core.StandardEngine    : Starting Servlet engine: [Apache Tomcat/11.0.24]
2026-09-29T09:43:52.768-05:00  INFO 21156 --- [demo] [restartedMain] b.w.c.s.WebApplicationContextInitializer : Root WebApplicationContext: initialization completed in 613 ms
2026-09-29T09:43:52.928-05:00  INFO 21156 --- [demo] [restartedMain] o.s.boot.tomcat.TomcatWebServer          : Tomcat started on port 8080 (http) with context path '/'
2026-09-29T09:43:53.119-05:00  INFO 21156 --- [demo] [restartedMain] o.s.b.a.e.web.EndpointLinksResolver      : Exposing 13 endpoints beneath base path '/actuator'
2026-09-29T09:43:53.126-05:00  INFO 21156 --- [demo] [restartedMain] com.spring.demo.DemoApplication          : Started DemoApplication in 1.043 seconds (process running for 246.309)
2026-09-29T09:43:53.131-05:00  INFO 21156 --- [demo] [restartedMain] .ConditionEvaluationDeltaLoggingListener : Condition evaluation unchanged
2026-09-29T09:43:54.300-05:00  INFO 21156 --- [demo] [File Watcher] rtingClassPathChangeChangedEventListener : Restarting due to 4 class path changes (1 addition, 2 deletions, 1 modification)
2026-09-29T09:43:54.303-05:00  INFO 21156 --- [demo] [Thread-5] o.s.boot.tomcat.GracefulShutdown         : Commencing graceful shutdown. Waiting for active requests to complete
2026-09-29T09:43:55.364-05:00  INFO 21156 --- [demo] [tomcat-shutdown] o.s.boot.tomcat.GracefulShutdown         : Graceful shutdown complete
2026-09-29T09:43:55.677-05:00  INFO 21156 --- [demo] [restartedMain] com.spring.demo.DemoApplication          : Starting DemoApplication using Java 17.0.20.1 with PID 21156 (C:\Users\EthanWilson\Git_Repos\demo\target\classes started by EthanWilson in C:\Users\EthanWilson\Git_Repos\demo)
2026-09-29T09:43:55.678-05:00  INFO 21156 --- [demo] [restartedMain] com.spring.demo.DemoApplication          : No active profile set, falling back to 1 default profile: "default"
2026-09-29T09:43:56.777-05:00  INFO 21156 --- [demo] [restartedMain] o.s.boot.tomcat.TomcatWebServer          : Tomcat initialized with port 8080 (http)
2026-09-29T09:43:56.779-05:00  INFO 21156 --- [demo] [restartedMain] o.apache.catalina.core.StandardService   : Starting service [Tomcat]
2026-09-29T09:43:56.779-05:00  INFO 21156 --- [demo] [restartedMain] o.apache.catalina.core.StandardEngine    : Starting Servlet engine: [Apache Tomcat/11.0.24]
2026-09-29T09:43:56.835-05:00  INFO 21156 --- [demo] [restartedMain] b.w.c.s.WebApplicationContextInitializer : Root WebApplicationContext: initialization completed in 1149 ms
2026-09-29T09:43:57.206-05:00  INFO 21156 --- [demo] [restartedMain] o.s.boot.tomcat.TomcatWebServer          : Tomcat started on port 8080 (http) with context path '/'
2026-09-29T09:43:57.396-05:00  INFO 21156 --- [demo] [restartedMain] o.s.b.a.e.web.EndpointLinksResolver      : Exposing 13 endpoints beneath base path '/actuator'
2026-09-29T09:43:57.413-05:00  INFO 21156 --- [demo] [restartedMain] com.spring.demo.DemoApplication          : Started DemoApplication in 1.851 seconds (process running for 250.596)
2026-09-29T09:43:57.419-05:00  INFO 21156 --- [demo] [restartedMain] .ConditionEvaluationDeltaLoggingListener : Condition evaluation unchanged
2026-09-29T09:44:13.994-05:00  INFO 21156 --- [demo] [File Watcher] rtingClassPathChangeChangedEventListener : Restarting due to 1 class path change (0 additions, 0 deletions, 1 modification)
2026-09-29T09:44:14.010-05:00  INFO 21156 --- [demo] [Thread-9] o.s.boot.tomcat.GracefulShutdown         : Commencing graceful shutdown. Waiting for active requests to complete
2026-09-29T09:44:15.606-05:00  INFO 21156 --- [demo] [tomcat-shutdown] o.s.boot.tomcat.GracefulShutdown         : Graceful shutdown complete
2026-09-29T09:44:15.919-05:00  INFO 21156 --- [demo] [restartedMain] com.spring.demo.DemoApplication          : Starting DemoApplication using Java 17.0.20.1 with PID 21156 (C:\Users\EthanWilson\Git_Repos\demo\target\classes started by EthanWilson in C:\Users\EthanWilson\Git_Repos\demo)
2026-09-29T09:44:15.926-05:00  INFO 21156 --- [demo] [restartedMain] com.spring.demo.DemoApplication          : No active profile set, falling back to 1 default profile: "default"
2026-09-29T09:44:17.183-05:00  INFO 21156 --- [demo] [restartedMain] o.s.boot.tomcat.TomcatWebServer          : Tomcat initialized with port 8080 (http)
2026-09-29T09:44:17.186-05:00  INFO 21156 --- [demo] [restartedMain] o.apache.catalina.core.StandardService   : Starting service [Tomcat]
2026-09-29T09:44:17.186-05:00  INFO 21156 --- [demo] [restartedMain] o.apache.catalina.core.StandardEngine    : Starting Servlet engine: [Apache Tomcat/11.0.24]
2026-09-29T09:44:17.269-05:00  INFO 21156 --- [demo] [restartedMain] b.w.c.s.WebApplicationContextInitializer : Root WebApplicationContext: initialization completed in 1337 ms
2026-09-29T09:44:17.500-05:00  INFO 21156 --- [demo] [restartedMain] o.s.boot.tomcat.TomcatWebServer          : Tomcat started on port 8080 (http) with context path '/'
2026-09-29T09:44:17.646-05:00  INFO 21156 --- [demo] [restartedMain] o.s.b.a.e.web.EndpointLinksResolver      : Exposing 13 endpoints beneath base path '/actuator'
2026-09-29T09:44:17.653-05:00  INFO 21156 --- [demo] [restartedMain] com.spring.demo.DemoApplication          : Started DemoApplication in 1.841 seconds (process running for 270.836)
2026-09-29T09:44:17.658-05:00  INFO 21156 --- [demo] [restartedMain] .ConditionEvaluationDeltaLoggingListener : Condition evaluation unchanged
2026-09-29T09:44:25.063-05:00  INFO 21156 --- [demo] [File Watcher] rtingClassPathChangeChangedEventListener : Restarting due to 1 class path change (0 additions, 0 deletions, 1 modification)
2026-09-29T09:44:25.078-05:00  INFO 21156 --- [demo] [Thread-13] o.s.boot.tomcat.GracefulShutdown         : Commencing graceful shutdown. Waiting for active requests to complete
2026-09-29T09:44:25.826-05:00  INFO 21156 --- [demo] [tomcat-shutdown] o.s.boot.tomcat.GracefulShutdown         : Graceful shutdown complete
2026-09-29T09:44:25.999-05:00  INFO 21156 --- [demo] [restartedMain] com.spring.demo.DemoApplication          : Starting DemoApplication using Java 17.0.20.1 with PID 21156 (C:\Users\EthanWilson\Git_Repos\demo\target\classes started by EthanWilson in C:\Users\EthanWilson\Git_Repos\demo)
2026-09-29T09:44:26.001-05:00  INFO 21156 --- [demo] [restartedMain] com.spring.demo.DemoApplication          : No active profile set, falling back to 1 default profile: "default"
2026-09-29T09:44:26.567-05:00  INFO 21156 --- [demo] [restartedMain] o.s.boot.tomcat.TomcatWebServer          : Tomcat initialized with port 8080 (http)
2026-09-29T09:44:26.568-05:00  INFO 21156 --- [demo] [restartedMain] o.apache.catalina.core.StandardService   : Starting service [Tomcat]
2026-09-29T09:44:26.569-05:00  INFO 21156 --- [demo] [restartedMain] o.apache.catalina.core.StandardEngine    : Starting Servlet engine: [Apache Tomcat/11.0.24]
2026-09-29T09:44:26.617-05:00  INFO 21156 --- [demo] [restartedMain] b.w.c.s.WebApplicationContextInitializer : Root WebApplicationContext: initialization completed in 605 ms
2026-09-29T09:44:26.786-05:00  INFO 21156 --- [demo] [restartedMain] o.s.boot.tomcat.TomcatWebServer          : Tomcat started on port 8080 (http) with context path '/'
2026-09-29T09:44:26.983-05:00  INFO 21156 --- [demo] [restartedMain] o.s.b.a.e.web.EndpointLinksResolver      : Exposing 13 endpoints beneath base path '/actuator'
2026-09-29T09:44:27.008-05:00  INFO 21156 --- [demo] [restartedMain] com.spring.demo.DemoApplication          : Started DemoApplication in 1.058 seconds (process running for 280.19)
2026-09-29T09:44:27.021-05:00  INFO 21156 --- [demo] [restartedMain] .ConditionEvaluationDeltaLoggingListener : Condition evaluation unchanged
2026-09-29T09:44:30.884-05:00  INFO 21156 --- [demo] [SpringApplicationShutdownHook] o.s.boot.tomcat.GracefulShutdown         : Commencing graceful shutdown. Waiting for active requests to complete
2026-09-29T09:44:31.645-05:00  INFO 21156 --- [demo] [tomcat-shutdown] o.s.boot.tomcat.GracefulShutdown         : Graceful shutdown complete
2026-09-29T09:45:38.221-05:00  INFO 25128 --- [demo] [restartedMain] com.spring.demo.DemoApplication          : Starting DemoApplication using Java 17.0.20.1 with PID 25128 (C:\Users\EthanWilson\Git_Repos\demo\target\classes started by EthanWilson in C:\Users\EthanWilson\Git_Repos\demo)
2026-09-29T09:45:38.227-05:00  INFO 25128 --- [demo] [restartedMain] com.spring.demo.DemoApplication          : No active profile set, falling back to 1 default profile: "default"
2026-09-29T09:45:38.326-05:00  INFO 25128 --- [demo] [restartedMain] .e.DevToolsPropertyDefaultsPostProcessor : Devtools property defaults active! Set 'spring.devtools.add-properties' to 'false' to disable
2026-09-29T09:45:38.327-05:00  INFO 25128 --- [demo] [restartedMain] .e.DevToolsPropertyDefaultsPostProcessor : For additional web related logging consider setting the 'logging.level.web' property to 'DEBUG'
2026-09-29T09:45:40.660-05:00  INFO 25128 --- [demo] [restartedMain] o.s.boot.tomcat.TomcatWebServer          : Tomcat initialized with port 8080 (http)
2026-09-29T09:45:40.703-05:00  INFO 25128 --- [demo] [restartedMain] o.apache.catalina.core.StandardService   : Starting service [Tomcat]
2026-09-29T09:45:40.704-05:00  INFO 25128 --- [demo] [restartedMain] o.apache.catalina.core.StandardEngine    : Starting Servlet engine: [Apache Tomcat/11.0.24]
2026-09-29T09:45:40.848-05:00  INFO 25128 --- [demo] [restartedMain] b.w.c.s.WebApplicationContextInitializer : Root WebApplicationContext: initialization completed in 2519 ms
2026-09-29T09:45:41.581-05:00  INFO 25128 --- [demo] [restartedMain] o.s.boot.tomcat.TomcatWebServer          : Tomcat started on port 8080 (http) with context path '/'
2026-09-29T09:45:42.320-05:00  INFO 25128 --- [demo] [restartedMain] o.s.b.a.e.web.EndpointLinksResolver      : Exposing 13 endpoints beneath base path '/actuator'
2026-09-29T09:45:42.351-05:00  INFO 25128 --- [demo] [restartedMain] com.spring.demo.DemoApplication          : Started DemoApplication in 5.046 seconds (process running for 6.123)
2026-09-29T09:45:50.943-05:00  INFO 25128 --- [demo] [http-nio-8080-exec-1] o.a.c.c.C.[Tomcat].[localhost].[/]       : Initializing Spring DispatcherServlet 'dispatcherServlet'
2026-09-29T09:45:50.949-05:00  INFO 25128 --- [demo] [http-nio-8080-exec-1] o.s.web.servlet.DispatcherServlet        : Initializing Servlet 'dispatcherServlet'
2026-09-29T09:45:51.346-05:00  INFO 25128 --- [demo] [http-nio-8080-exec-1] o.s.web.servlet.DispatcherServlet        : Completed initialization in 394 ms
2026-09-29T09:45:51.559-05:00  INFO 25128 --- [demo] [http-nio-8080-exec-1] r$InitializeUserDetailsManagerConfigurer : Global AuthenticationManager configured with UserDetailsService bean with name inMemoryUserDetailsManager
2026-09-29T09:45:52.198-05:00 ERROR 25128 --- [demo] [http-nio-8080-exec-1] o.a.c.c.C.[.[.[/].[dispatcherServlet]    : Servlet.service() for servlet [dispatcherServlet] in context with path [] threw exception [Request processing failed: org.springframework.beans.factory.UnsatisfiedDependencyException: Error creating bean with name 'myFirstController' defined in file [C:\Users\EthanWilson\Git_Repos\demo\target\classes\com\spring\demo\rest\MyFirstController.class]: Unsatisfied dependency expressed through constructor parameter 0: No qualifying bean of type 'com.spring.another.Coach' available: expected at least 1 bean which qualifies as autowire candidate. Dependency annotations: {}] with root cause

org.springframework.beans.factory.NoSuchBeanDefinitionException: No qualifying bean of type 'com.spring.another.Coach' available: expected at least 1 bean which qualifies as autowire candidate. Dependency annotations: {}
	at org.springframework.beans.factory.support.DefaultListableBeanFactory.raiseNoMatchingBeanFound(DefaultListableBeanFactory.java:2304) ~[spring-beans-7.0.9.jar:7.0.9]
	at org.springframework.beans.factory.support.DefaultListableBeanFactory.doResolveDependency(DefaultListableBeanFactory.java:1732) ~[spring-beans-7.0.9.jar:7.0.9]
	at org.springframework.beans.factory.support.DefaultListableBeanFactory.resolveDependency(DefaultListableBeanFactory.java:1658) ~[spring-beans-7.0.9.jar:7.0.9]
	at org.springframework.beans.factory.support.ConstructorResolver.resolveAutowiredArgument(ConstructorResolver.java:912) ~[spring-beans-7.0.9.jar:7.0.9]
	at org.springframework.beans.factory.support.ConstructorResolver.createArgumentArray(ConstructorResolver.java:791) ~[spring-beans-7.0.9.jar:7.0.9]
	at org.springframework.beans.factory.support.ConstructorResolver.autowireConstructor(ConstructorResolver.java:240) ~[spring-beans-7.0.9.jar:7.0.9]
	at org.springframework.beans.factory.support.AbstractAutowireCapableBeanFactory.autowireConstructor(AbstractAutowireCapableBeanFactory.java:1380) ~[spring-beans-7.0.9.jar:7.0.9]
	at org.springframework.beans.factory.support.AbstractAutowireCapableBeanFactory.createBeanInstance(AbstractAutowireCapableBeanFactory.java:1219) ~[spring-beans-7.0.9.jar:7.0.9]
	at org.springframework.beans.factory.support.AbstractAutowireCapableBeanFactory.doCreateBean(AbstractAutowireCapableBeanFactory.java:565) ~[spring-beans-7.0.9.jar:7.0.9]
	at org.springframework.beans.factory.support.AbstractAutowireCapableBeanFactory.createBean(AbstractAutowireCapableBeanFactory.java:525) ~[spring-beans-7.0.9.jar:7.0.9]
	at org.springframework.beans.factory.support.AbstractBeanFactory.lambda$doGetBean$0(AbstractBeanFactory.java:333) ~[spring-beans-7.0.9.jar:7.0.9]
	at org.springframework.beans.factory.support.DefaultSingletonBeanRegistry.getSingleton(DefaultSingletonBeanRegistry.java:371) ~[spring-beans-7.0.9.jar:7.0.9]
	at org.springframework.beans.factory.support.AbstractBeanFactory.doGetBean(AbstractBeanFactory.java:331) ~[spring-beans-7.0.9.jar:7.0.9]
	at org.springframework.beans.factory.support.AbstractBeanFactory.getBean(AbstractBeanFactory.java:196) ~[spring-beans-7.0.9.jar:7.0.9]
	at org.springframework.web.method.HandlerMethod.createWithResolvedBean(HandlerMethod.java:368) ~[spring-web-7.0.9.jar:7.0.9]
	at org.springframework.web.servlet.handler.AbstractHandlerMethodMapping.getHandlerInternal(AbstractHandlerMethodMapping.java:377) ~[spring-webmvc-7.0.9.jar:7.0.9]
	at org.springframework.web.servlet.mvc.method.RequestMappingInfoHandlerMapping.getHandlerInternal(RequestMappingInfoHandlerMapping.java:116) ~[spring-webmvc-7.0.9.jar:7.0.9]
	at org.springframework.web.servlet.mvc.method.RequestMappingInfoHandlerMapping.getHandlerInternal(RequestMappingInfoHandlerMapping.java:68) ~[spring-webmvc-7.0.9.jar:7.0.9]
	at org.springframework.web.servlet.handler.AbstractHandlerMapping.getHandler(AbstractHandlerMapping.java:544) ~[spring-webmvc-7.0.9.jar:7.0.9]
	at org.springframework.web.servlet.DispatcherServlet.getHandler(DispatcherServlet.java:1157) ~[spring-webmvc-7.0.9.jar:7.0.9]
	at org.springframework.web.servlet.DispatcherServlet.doDispatch(DispatcherServlet.java:951) ~[spring-webmvc-7.0.9.jar:7.0.9]
	at org.springframework.web.servlet.DispatcherServlet.doService(DispatcherServlet.java:866) ~[spring-webmvc-7.0.9.jar:7.0.9]
	at org.springframework.web.servlet.FrameworkServlet.processRequest(FrameworkServlet.java:1000) ~[spring-webmvc-7.0.9.jar:7.0.9]
	at org.springframework.web.servlet.FrameworkServlet.doGet(FrameworkServlet.java:892) ~[spring-webmvc-7.0.9.jar:7.0.9]
	at jakarta.servlet.http.HttpServlet.service(HttpServlet.java:622) ~[tomcat-embed-core-11.0.24.jar:6.1]
	at org.springframework.web.servlet.FrameworkServlet.service(FrameworkServlet.java:874) ~[spring-webmvc-7.0.9.jar:7.0.9]
	at jakarta.servlet.http.HttpServlet.service(HttpServlet.java:710) ~[tomcat-embed-core-11.0.24.jar:6.1]
	at org.apache.catalina.core.ApplicationFilterChain.doFilter(ApplicationFilterChain.java:132) ~[tomcat-embed-core-11.0.24.jar:11.0.24]
	at org.apache.tomcat.websocket.server.WsFilter.doFilter(WsFilter.java:59) ~[tomcat-embed-websocket-11.0.24.jar:11.0.24]
	at org.apache.catalina.core.ApplicationFilterChain.doFilter(ApplicationFilterChain.java:111) ~[tomcat-embed-core-11.0.24.jar:11.0.24]
	at org.springframework.web.filter.CompositeFilter$VirtualFilterChain.doFilter(CompositeFilter.java:108) ~[spring-web-7.0.9.jar:7.0.9]
	at org.springframework.security.web.FilterChainProxy.lambda$doFilterInternal$2(FilterChainProxy.java:235) ~[spring-security-web-7.1.1.jar:7.1.1]
	at org.springframework.security.web.ObservationFilterChainDecorator$FilterObservation$SimpleFilterObservation.lambda$wrap$1(ObservationFilterChainDecorator.java:491) ~[spring-security-web-7.1.1.jar:7.1.1]
	at org.springframework.security.web.ObservationFilterChainDecorator$AroundFilterObservation$SimpleAroundFilterObservation.lambda$wrap$1(ObservationFilterChainDecorator.java:353) ~[spring-security-web-7.1.1.jar:7.1.1]
	at org.springframework.security.web.ObservationFilterChainDecorator.lambda$wrapSecured$0(ObservationFilterChainDecorator.java:84) ~[spring-security-web-7.1.1.jar:7.1.1]
	at org.springframework.security.web.ObservationFilterChainDecorator$VirtualFilterChain.doFilter(ObservationFilterChainDecorator.java:131) ~[spring-security-web-7.1.1.jar:7.1.1]
	at org.springframework.security.web.access.intercept.AuthorizationFilter.doFilter(AuthorizationFilter.java:101) ~[spring-security-web-7.1.1.jar:7.1.1]
	at org.springframework.security.web.ObservationFilterChainDecorator$ObservationFilter.wrapFilter(ObservationFilterChainDecorator.java:243) ~[spring-security-web-7.1.1.jar:7.1.1]
	at org.springframework.security.web.ObservationFilterChainDecorator$ObservationFilter.doFilter(ObservationFilterChainDecorator.java:230) ~[spring-security-web-7.1.1.jar:7.1.1]
	at org.springframework.security.web.ObservationFilterChainDecorator$VirtualFilterChain.doFilter(ObservationFilterChainDecorator.java:140) ~[spring-security-web-7.1.1.jar:7.1.1]
	at org.springframework.security.web.access.ExceptionTranslationFilter.doFilter(ExceptionTranslationFilter.java:126) ~[spring-security-web-7.1.1.jar:7.1.1]
	at org.springframework.security.web.access.ExceptionTranslationFilter.doFilter(ExceptionTranslationFilter.java:120) ~[spring-security-web-7.1.1.jar:7.1.1]
	at org.springframework.security.web.ObservationFilterChainDecorator$ObservationFilter.wrapFilter(ObservationFilterChainDecorator.java:243) ~[spring-security-web-7.1.1.jar:7.1.1]
	at org.springframework.security.web.ObservationFilterChainDecorator$ObservationFilter.doFilter(ObservationFilterChainDecorator.java:230) ~[spring-security-web-7.1.1.jar:7.1.1]
	at org.springframework.security.web.ObservationFilterChainDecorator$VirtualFilterChain.doFilter(ObservationFilterChainDecorator.java:140) ~[spring-security-web-7.1.1.jar:7.1.1]
	at org.springframework.security.web.authentication.AnonymousAuthenticationFilter.doFilter(AnonymousAuthenticationFilter.java:100) ~[spring-security-web-7.1.1.jar:7.1.1]
	at org.springframework.security.web.ObservationFilterChainDecorator$ObservationFilter.wrapFilter(ObservationFilterChainDecorator.java:243) ~[spring-security-web-7.1.1.jar:7.1.1]
	at org.springframework.security.web.ObservationFilterChainDecorator$ObservationFilter.doFilter(ObservationFilterChainDecorator.java:230) ~[spring-security-web-7.1.1.jar:7.1.1]
	at org.springframework.security.web.ObservationFilterChainDecorator$VirtualFilterChain.doFilter(ObservationFilterChainDecorator.java:140) ~[spring-security-web-7.1.1.jar:7.1.1]
	at org.springframework.security.web.servletapi.SecurityContextHolderAwareRequestFilter.doFilter(SecurityContextHolderAwareRequestFilter.java:181) ~[spring-security-web-7.1.1.jar:7.1.1]
	at org.springframework.security.web.ObservationFilterChainDecorator$ObservationFilter.wrapFilter(ObservationFilterChainDecorator.java:243) ~[spring-security-web-7.1.1.jar:7.1.1]
	at org.springframework.security.web.ObservationFilterChainDecorator$ObservationFilter.doFilter(ObservationFilterChainDecorator.java:230) ~[spring-security-web-7.1.1.jar:7.1.1]
	at org.springframework.security.web.ObservationFilterChainDecorator$VirtualFilterChain.doFilter(ObservationFilterChainDecorator.java:140) ~[spring-security-web-7.1.1.jar:7.1.1]
	at org.springframework.security.web.savedrequest.RequestCacheAwareFilter.doFilter(RequestCacheAwareFilter.java:63) ~[spring-security-web-7.1.1.jar:7.1.1]
	at org.springframework.security.web.ObservationFilterChainDecorator$ObservationFilter.wrapFilter(ObservationFilterChainDecorator.java:243) ~[spring-security-web-7.1.1.jar:7.1.1]
	at org.springframework.security.web.ObservationFilterChainDecorator$ObservationFilter.doFilter(ObservationFilterChainDecorator.java:230) ~[spring-security-web-7.1.1.jar:7.1.1]
	at org.springframework.security.web.ObservationFilterChainDecorator$VirtualFilterChain.doFilter(ObservationFilterChainDecorator.java:140) ~[spring-security-web-7.1.1.jar:7.1.1]
	at org.springframework.security.web.authentication.www.BasicAuthenticationFilter.doFilterInternal(BasicAuthenticationFilter.java:198) ~[spring-security-web-7.1.1.jar:7.1.1]
	at org.springframework.web.filter.OncePerRequestFilter.doFilter(OncePerRequestFilter.java:116) ~[spring-web-7.0.9.jar:7.0.9]
	at org.springframework.security.web.ObservationFilterChainDecorator$ObservationFilter.wrapFilter(ObservationFilterChainDecorator.java:243) ~[spring-security-web-7.1.1.jar:7.1.1]
	at org.springframework.security.web.ObservationFilterChainDecorator$ObservationFilter.doFilter(ObservationFilterChainDecorator.java:230) ~[spring-security-web-7.1.1.jar:7.1.1]
	at org.springframework.security.web.ObservationFilterChainDecorator$VirtualFilterChain.doFilter(ObservationFilterChainDecorator.java:140) ~[spring-security-web-7.1.1.jar:7.1.1]
	at org.springframework.security.web.authentication.ui.DefaultLogoutPageGeneratingFilter.doFilterInternal(DefaultLogoutPageGeneratingFilter.java:60) ~[spring-security-web-7.1.1.jar:7.1.1]
	at org.springframework.web.filter.OncePerRequestFilter.doFilter(OncePerRequestFilter.java:116) ~[spring-web-7.0.9.jar:7.0.9]
	at org.springframework.security.web.ObservationFilterChainDecorator$ObservationFilter.wrapFilter(ObservationFilterChainDecorator.java:243) ~[spring-security-web-7.1.1.jar:7.1.1]
	at org.springframework.security.web.ObservationFilterChainDecorator$ObservationFilter.doFilter(ObservationFilterChainDecorator.java:230) ~[spring-security-web-7.1.1.jar:7.1.1]
	at org.springframework.security.web.ObservationFilterChainDecorator$VirtualFilterChain.doFilter(ObservationFilterChainDecorator.java:140) ~[spring-security-web-7.1.1.jar:7.1.1]
	at org.springframework.security.web.authentication.ui.DefaultLoginPageGeneratingFilter.doFilter(DefaultLoginPageGeneratingFilter.java:246) ~[spring-security-web-7.1.1.jar:7.1.1]
	at org.springframework.security.web.authentication.ui.DefaultLoginPageGeneratingFilter.doFilter(DefaultLoginPageGeneratingFilter.java:232) ~[spring-security-web-7.1.1.jar:7.1.1]
	at org.springframework.security.web.ObservationFilterChainDecorator$ObservationFilter.wrapFilter(ObservationFilterChainDecorator.java:243) ~[spring-security-web-7.1.1.jar:7.1.1]
	at org.springframework.security.web.ObservationFilterChainDecorator$ObservationFilter.doFilter(ObservationFilterChainDecorator.java:230) ~[spring-security-web-7.1.1.jar:7.1.1]
	at org.springframework.security.web.ObservationFilterChainDecorator$VirtualFilterChain.doFilter(ObservationFilterChainDecorator.java:140) ~[spring-security-web-7.1.1.jar:7.1.1]
	at org.springframework.security.web.authentication.ui.DefaultResourcesFilter.doFilter(DefaultResourcesFilter.java:73) ~[spring-security-web-7.1.1.jar:7.1.1]
	at org.springframework.security.web.ObservationFilterChainDecorator$ObservationFilter.wrapFilter(ObservationFilterChainDecorator.java:243) ~[spring-security-web-7.1.1.jar:7.1.1]
	at org.springframework.security.web.ObservationFilterChainDecorator$ObservationFilter.doFilter(ObservationFilterChainDecorator.java:230) ~[spring-security-web-7.1.1.jar:7.1.1]
	at org.springframework.security.web.ObservationFilterChainDecorator$VirtualFilterChain.doFilter(ObservationFilterChainDecorator.java:140) ~[spring-security-web-7.1.1.jar:7.1.1]
	at org.springframework.security.web.authentication.AbstractAuthenticationProcessingFilter.doFilter(AbstractAuthenticationProcessingFilter.java:245) ~[spring-security-web-7.1.1.jar:7.1.1]
	at org.springframework.security.web.authentication.AbstractAuthenticationProcessingFilter.doFilter(AbstractAuthenticationProcessingFilter.java:239) ~[spring-security-web-7.1.1.jar:7.1.1]
	at org.springframework.security.web.ObservationFilterChainDecorator$ObservationFilter.wrapFilter(ObservationFilterChainDecorator.java:243) ~[spring-security-web-7.1.1.jar:7.1.1]
	at org.springframework.security.web.ObservationFilterChainDecorator$ObservationFilter.doFilter(ObservationFilterChainDecorator.java:230) ~[spring-security-web-7.1.1.jar:7.1.1]
	at org.springframework.security.web.ObservationFilterChainDecorator$VirtualFilterChain.doFilter(ObservationFilterChainDecorator.java:140) ~[spring-security-web-7.1.1.jar:7.1.1]
	at org.springframework.security.web.authentication.logout.LogoutFilter.doFilter(LogoutFilter.java:110) ~[spring-security-web-7.1.1.jar:7.1.1]
	at org.springframework.security.web.authentication.logout.LogoutFilter.doFilter(LogoutFilter.java:96) ~[spring-security-web-7.1.1.jar:7.1.1]
	at org.springframework.security.web.ObservationFilterChainDecorator$ObservationFilter.wrapFilter(ObservationFilterChainDecorator.java:243) ~[spring-security-web-7.1.1.jar:7.1.1]
	at org.springframework.security.web.ObservationFilterChainDecorator$ObservationFilter.doFilter(ObservationFilterChainDecorator.java:230) ~[spring-security-web-7.1.1.jar:7.1.1]
	at org.springframework.security.web.ObservationFilterChainDecorator$VirtualFilterChain.doFilter(ObservationFilterChainDecorator.java:140) ~[spring-security-web-7.1.1.jar:7.1.1]
	at org.springframework.security.web.csrf.CsrfFilter.doFilterInternal(CsrfFilter.java:118) ~[spring-security-web-7.1.1.jar:7.1.1]
	at org.springframework.web.filter.OncePerRequestFilter.doFilter(OncePerRequestFilter.java:116) ~[spring-web-7.0.9.jar:7.0.9]
	at org.springframework.security.web.ObservationFilterChainDecorator$ObservationFilter.wrapFilter(ObservationFilterChainDecorator.java:243) ~[spring-security-web-7.1.1.jar:7.1.1]
	at org.springframework.security.web.ObservationFilterChainDecorator$ObservationFilter.doFilter(ObservationFilterChainDecorator.java:230) ~[spring-security-web-7.1.1.jar:7.1.1]
	at org.springframework.security.web.ObservationFilterChainDecorator$VirtualFilterChain.doFilter(ObservationFilterChainDecorator.java:140) ~[spring-security-web-7.1.1.jar:7.1.1]
	at org.springframework.web.filter.CorsFilter.doFilterInternal(CorsFilter.java:91) ~[spring-web-7.0.9.jar:7.0.9]
	at org.springframework.web.filter.OncePerRequestFilter.doFilter(OncePerRequestFilter.java:116) ~[spring-web-7.0.9.jar:7.0.9]
	at org.springframework.security.web.ObservationFilterChainDecorator$ObservationFilter.wrapFilter(ObservationFilterChainDecorator.java:243) ~[spring-security-web-7.1.1.jar:7.1.1]
	at org.springframework.security.web.ObservationFilterChainDecorator$ObservationFilter.doFilter(ObservationFilterChainDecorator.java:230) ~[spring-security-web-7.1.1.jar:7.1.1]
	at org.springframework.security.web.ObservationFilterChainDecorator$VirtualFilterChain.doFilter(ObservationFilterChainDecorator.java:140) ~[spring-security-web-7.1.1.jar:7.1.1]
	at org.springframework.security.web.header.HeaderWriterFilter.doHeadersAfter(HeaderWriterFilter.java:90) ~[spring-security-web-7.1.1.jar:7.1.1]
	at org.springframework.security.web.header.HeaderWriterFilter.doFilterInternal(HeaderWriterFilter.java:75) ~[spring-security-web-7.1.1.jar:7.1.1]
	at org.springframework.web.filter.OncePerRequestFilter.doFilter(OncePerRequestFilter.java:116) ~[spring-web-7.0.9.jar:7.0.9]
	at org.springframework.security.web.ObservationFilterChainDecorator$ObservationFilter.wrapFilter(ObservationFilterChainDecorator.java:243) ~[spring-security-web-7.1.1.jar:7.1.1]
	at org.springframework.security.web.ObservationFilterChainDecorator$ObservationFilter.doFilter(ObservationFilterChainDecorator.java:230) ~[spring-security-web-7.1.1.jar:7.1.1]
	at org.springframework.security.web.ObservationFilterChainDecorator$VirtualFilterChain.doFilter(ObservationFilterChainDecorator.java:140) ~[spring-security-web-7.1.1.jar:7.1.1]
	at org.springframework.security.web.context.SecurityContextHolderFilter.doFilter(SecurityContextHolderFilter.java:82) ~[spring-security-web-7.1.1.jar:7.1.1]
	at org.springframework.security.web.context.SecurityContextHolderFilter.doFilter(SecurityContextHolderFilter.java:69) ~[spring-security-web-7.1.1.jar:7.1.1]
	at org.springframework.security.web.ObservationFilterChainDecorator$ObservationFilter.wrapFilter(ObservationFilterChainDecorator.java:243) ~[spring-security-web-7.1.1.jar:7.1.1]
	at org.springframework.security.web.ObservationFilterChainDecorator$ObservationFilter.doFilter(ObservationFilterChainDecorator.java:230) ~[spring-security-web-7.1.1.jar:7.1.1]
	at org.springframework.security.web.ObservationFilterChainDecorator$VirtualFilterChain.doFilter(ObservationFilterChainDecorator.java:140) ~[spring-security-web-7.1.1.jar:7.1.1]
	at org.springframework.security.web.context.request.async.WebAsyncManagerIntegrationFilter.doFilterInternal(WebAsyncManagerIntegrationFilter.java:62) ~[spring-security-web-7.1.1.jar:7.1.1]
	at org.springframework.web.filter.OncePerRequestFilter.doFilter(OncePerRequestFilter.java:116) ~[spring-web-7.0.9.jar:7.0.9]
	at org.springframework.security.web.ObservationFilterChainDecorator$ObservationFilter.wrapFilter(ObservationFilterChainDecorator.java:243) ~[spring-security-web-7.1.1.jar:7.1.1]
	at org.springframework.security.web.ObservationFilterChainDecorator$ObservationFilter.doFilter(ObservationFilterChainDecorator.java:230) ~[spring-security-web-7.1.1.jar:7.1.1]
	at org.springframework.security.web.ObservationFilterChainDecorator$VirtualFilterChain.doFilter(ObservationFilterChainDecorator.java:140) ~[spring-security-web-7.1.1.jar:7.1.1]
	at org.springframework.security.web.session.DisableEncodeUrlFilter.doFilterInternal(DisableEncodeUrlFilter.java:42) ~[spring-security-web-7.1.1.jar:7.1.1]
	at org.springframework.web.filter.OncePerRequestFilter.doFilter(OncePerRequestFilter.java:116) ~[spring-web-7.0.9.jar:7.0.9]
	at org.springframework.security.web.ObservationFilterChainDecorator$ObservationFilter.wrapFilter(ObservationFilterChainDecorator.java:243) ~[spring-security-web-7.1.1.jar:7.1.1]
	at org.springframework.security.web.ObservationFilterChainDecorator$AroundFilterObservation$SimpleAroundFilterObservation.lambda$wrap$0(ObservationFilterChainDecorator.java:336) ~[spring-security-web-7.1.1.jar:7.1.1]
	at org.springframework.security.web.ObservationFilterChainDecorator$ObservationFilter.doFilter(ObservationFilterChainDecorator.java:227) ~[spring-security-web-7.1.1.jar:7.1.1]
	at org.springframework.security.web.ObservationFilterChainDecorator$VirtualFilterChain.doFilter(ObservationFilterChainDecorator.java:140) ~[spring-security-web-7.1.1.jar:7.1.1]
	at org.springframework.security.web.FilterChainProxy.doFilterInternal(FilterChainProxy.java:237) ~[spring-security-web-7.1.1.jar:7.1.1]
	at org.springframework.security.web.FilterChainProxy.doFilter(FilterChainProxy.java:195) ~[spring-security-web-7.1.1.jar:7.1.1]
	at org.springframework.web.filter.CompositeFilter$VirtualFilterChain.doFilter(CompositeFilter.java:113) ~[spring-web-7.0.9.jar:7.0.9]
	at org.springframework.web.filter.ServletRequestPathFilter.doFilter(ServletRequestPathFilter.java:52) ~[spring-web-7.0.9.jar:7.0.9]
	at org.springframework.web.filter.CompositeFilter$VirtualFilterChain.doFilter(CompositeFilter.java:113) ~[spring-web-7.0.9.jar:7.0.9]
	at org.springframework.web.filter.CompositeFilter.doFilter(CompositeFilter.java:74) ~[spring-web-7.0.9.jar:7.0.9]
	at org.springframework.security.config.annotation.web.configuration.WebSecurityConfiguration$CompositeFilterChainProxy.doFilter(WebSecurityConfiguration.java:317) ~[spring-security-config-7.1.1.jar:7.1.1]
	at org.springframework.web.filter.DelegatingFilterProxy.invokeDelegate(DelegatingFilterProxy.java:355) ~[spring-web-7.0.9.jar:7.0.9]
	at org.springframework.web.filter.DelegatingFilterProxy.doFilter(DelegatingFilterProxy.java:272) ~[spring-web-7.0.9.jar:7.0.9]
	at org.apache.catalina.core.ApplicationFilterChain.doFilter(ApplicationFilterChain.java:111) ~[tomcat-embed-core-11.0.24.jar:11.0.24]
	at org.springframework.web.filter.RequestContextFilter.doFilterInternal(RequestContextFilter.java:100) ~[spring-web-7.0.9.jar:7.0.9]
	at org.springframework.web.filter.OncePerRequestFilter.doFilter(OncePerRequestFilter.java:116) ~[spring-web-7.0.9.jar:7.0.9]
	at org.apache.catalina.core.ApplicationFilterChain.doFilter(ApplicationFilterChain.java:111) ~[tomcat-embed-core-11.0.24.jar:11.0.24]
	at org.springframework.web.filter.FormContentFilter.doFilterInternal(FormContentFilter.java:93) ~[spring-web-7.0.9.jar:7.0.9]
	at org.springframework.web.filter.OncePerRequestFilter.doFilter(OncePerRequestFilter.java:116) ~[spring-web-7.0.9.jar:7.0.9]
	at org.apache.catalina.core.ApplicationFilterChain.doFilter(ApplicationFilterChain.java:111) ~[tomcat-embed-core-11.0.24.jar:11.0.24]
	at org.springframework.web.filter.ServerHttpObservationFilter.doFilterInternal(ServerHttpObservationFilter.java:110) ~[spring-web-7.0.9.jar:7.0.9]
	at org.springframework.web.filter.OncePerRequestFilter.doFilter(OncePerRequestFilter.java:116) ~[spring-web-7.0.9.jar:7.0.9]
	at org.apache.catalina.core.ApplicationFilterChain.doFilter(ApplicationFilterChain.java:111) ~[tomcat-embed-core-11.0.24.jar:11.0.24]
	at org.springframework.web.filter.CharacterEncodingFilter.doFilterInternal(CharacterEncodingFilter.java:199) ~[spring-web-7.0.9.jar:7.0.9]
	at org.springframework.web.filter.OncePerRequestFilter.doFilter(OncePerRequestFilter.java:116) ~[spring-web-7.0.9.jar:7.0.9]
	at org.apache.catalina.core.ApplicationFilterChain.doFilter(ApplicationFilterChain.java:111) ~[tomcat-embed-core-11.0.24.jar:11.0.24]
	at org.apache.catalina.core.StandardWrapperValve.invoke(StandardWrapperValve.java:165) ~[tomcat-embed-core-11.0.24.jar:11.0.24]
	at org.apache.catalina.core.StandardContextValve.invoke(StandardContextValve.java:77) ~[tomcat-embed-core-11.0.24.jar:11.0.24]
	at org.apache.catalina.authenticator.AuthenticatorBase.invoke(AuthenticatorBase.java:535) ~[tomcat-embed-core-11.0.24.jar:11.0.24]
	at org.apache.catalina.core.StandardHostValve.invoke(StandardHostValve.java:115) ~[tomcat-embed-core-11.0.24.jar:11.0.24]
	at org.apache.catalina.valves.ErrorReportValve.invoke(ErrorReportValve.java:86) ~[tomcat-embed-core-11.0.24.jar:11.0.24]
	at org.apache.catalina.core.StandardEngineValve.invoke(StandardEngineValve.java:71) ~[tomcat-embed-core-11.0.24.jar:11.0.24]
	at org.apache.catalina.connector.CoyoteAdapter.service(CoyoteAdapter.java:347) ~[tomcat-embed-core-11.0.24.jar:11.0.24]
	at org.apache.coyote.http11.Http11Processor.service(Http11Processor.java:406) ~[tomcat-embed-core-11.0.24.jar:11.0.24]
	at org.apache.coyote.AbstractProcessorLight.process(AbstractProcessorLight.java:71) ~[tomcat-embed-core-11.0.24.jar:11.0.24]
	at org.apache.coyote.AbstractProtocol$ConnectionHandler.process(AbstractProtocol.java:1307) ~[tomcat-embed-core-11.0.24.jar:11.0.24]
	at org.apache.tomcat.util.net.NioEndpoint$SocketProcessor.doRun(NioEndpoint.java:2036) ~[tomcat-embed-core-11.0.24.jar:11.0.24]
	at org.apache.tomcat.util.net.SocketProcessorBase.run(SocketProcessorBase.java:74) ~[tomcat-embed-core-11.0.24.jar:11.0.24]
	at org.apache.tomcat.util.threads.ThreadPoolExecutor.runWorker(ThreadPoolExecutor.java:949) ~[tomcat-embed-core-11.0.24.jar:11.0.24]
	at org.apache.tomcat.util.threads.ThreadPoolExecutor$Worker.run(ThreadPoolExecutor.java:483) ~[tomcat-embed-core-11.0.24.jar:11.0.24]
	at org.apache.tomcat.util.threads.TaskThread$WrappingRunnable.run(TaskThread.java:74) ~[tomcat-embed-core-11.0.24.jar:11.0.24]
	at java.base/java.lang.Thread.run(Thread.java:842) ~[na:na]

2026-09-29T09:45:58.275-05:00 ERROR 25128 --- [demo] [http-nio-8080-exec-3] o.a.c.c.C.[.[.[/].[dispatcherServlet]    : Servlet.service() for servlet [dispatcherServlet] in context with path [] threw exception [Request processing failed: org.springframework.beans.factory.UnsatisfiedDependencyException: Error creating bean with name 'myFirstController' defined in file [C:\Users\EthanWilson\Git_Repos\demo\target\classes\com\spring\demo\rest\MyFirstController.class]: Unsatisfied dependency expressed through constructor parameter 0: No qualifying bean of type 'com.spring.another.Coach' available: expected at least 1 bean which qualifies as autowire candidate. Dependency annotations: {}] with root cause

org.springframework.beans.factory.NoSuchBeanDefinitionException: No qualifying bean of type 'com.spring.another.Coach' available: expected at least 1 bean which qualifies as autowire candidate. Dependency annotations: {}
	at org.springframework.beans.factory.support.DefaultListableBeanFactory.raiseNoMatchingBeanFound(DefaultListableBeanFactory.java:2304) ~[spring-beans-7.0.9.jar:7.0.9]
	at org.springframework.beans.factory.support.DefaultListableBeanFactory.doResolveDependency(DefaultListableBeanFactory.java:1732) ~[spring-beans-7.0.9.jar:7.0.9]
	at org.springframework.beans.factory.support.DefaultListableBeanFactory.resolveDependency(DefaultListableBeanFactory.java:1658) ~[spring-beans-7.0.9.jar:7.0.9]
	at org.springframework.beans.factory.support.ConstructorResolver.resolveAutowiredArgument(ConstructorResolver.java:912) ~[spring-beans-7.0.9.jar:7.0.9]
	at org.springframework.beans.factory.support.ConstructorResolver.createArgumentArray(ConstructorResolver.java:791) ~[spring-beans-7.0.9.jar:7.0.9]
	at org.springframework.beans.factory.support.ConstructorResolver.autowireConstructor(ConstructorResolver.java:240) ~[spring-beans-7.0.9.jar:7.0.9]
	at org.springframework.beans.factory.support.AbstractAutowireCapableBeanFactory.autowireConstructor(AbstractAutowireCapableBeanFactory.java:1380) ~[spring-beans-7.0.9.jar:7.0.9]
	at org.springframework.beans.factory.support.AbstractAutowireCapableBeanFactory.createBeanInstance(AbstractAutowireCapableBeanFactory.java:1219) ~[spring-beans-7.0.9.jar:7.0.9]
	at org.springframework.beans.factory.support.AbstractAutowireCapableBeanFactory.doCreateBean(AbstractAutowireCapableBeanFactory.java:565) ~[spring-beans-7.0.9.jar:7.0.9]
	at org.springframework.beans.factory.support.AbstractAutowireCapableBeanFactory.createBean(AbstractAutowireCapableBeanFactory.java:525) ~[spring-beans-7.0.9.jar:7.0.9]
	at org.springframework.beans.factory.support.AbstractBeanFactory.lambda$doGetBean$0(AbstractBeanFactory.java:333) ~[spring-beans-7.0.9.jar:7.0.9]
	at org.springframework.beans.factory.support.DefaultSingletonBeanRegistry.getSingleton(DefaultSingletonBeanRegistry.java:371) ~[spring-beans-7.0.9.jar:7.0.9]
	at org.springframework.beans.factory.support.AbstractBeanFactory.doGetBean(AbstractBeanFactory.java:331) ~[spring-beans-7.0.9.jar:7.0.9]
	at org.springframework.beans.factory.support.AbstractBeanFactory.getBean(AbstractBeanFactory.java:196) ~[spring-beans-7.0.9.jar:7.0.9]
	at org.springframework.web.method.HandlerMethod.createWithResolvedBean(HandlerMethod.java:368) ~[spring-web-7.0.9.jar:7.0.9]
	at org.springframework.web.servlet.handler.AbstractHandlerMethodMapping.getHandlerInternal(AbstractHandlerMethodMapping.java:377) ~[spring-webmvc-7.0.9.jar:7.0.9]
	at org.springframework.web.servlet.mvc.method.RequestMappingInfoHandlerMapping.getHandlerInternal(RequestMappingInfoHandlerMapping.java:116) ~[spring-webmvc-7.0.9.jar:7.0.9]
	at org.springframework.web.servlet.mvc.method.RequestMappingInfoHandlerMapping.getHandlerInternal(RequestMappingInfoHandlerMapping.java:68) ~[spring-webmvc-7.0.9.jar:7.0.9]
	at org.springframework.web.servlet.handler.AbstractHandlerMapping.getHandler(AbstractHandlerMapping.java:544) ~[spring-webmvc-7.0.9.jar:7.0.9]
	at org.springframework.web.servlet.DispatcherServlet.getHandler(DispatcherServlet.java:1157) ~[spring-webmvc-7.0.9.jar:7.0.9]
	at org.springframework.web.servlet.DispatcherServlet.doDispatch(DispatcherServlet.java:951) ~[spring-webmvc-7.0.9.jar:7.0.9]
	at org.springframework.web.servlet.DispatcherServlet.doService(DispatcherServlet.java:866) ~[spring-webmvc-7.0.9.jar:7.0.9]
	at org.springframework.web.servlet.FrameworkServlet.processRequest(FrameworkServlet.java:1000) ~[spring-webmvc-7.0.9.jar:7.0.9]
	at org.springframework.web.servlet.FrameworkServlet.doGet(FrameworkServlet.java:892) ~[spring-webmvc-7.0.9.jar:7.0.9]
	at jakarta.servlet.http.HttpServlet.service(HttpServlet.java:622) ~[tomcat-embed-core-11.0.24.jar:6.1]
	at org.springframework.web.servlet.FrameworkServlet.service(FrameworkServlet.java:874) ~[spring-webmvc-7.0.9.jar:7.0.9]
	at jakarta.servlet.http.HttpServlet.service(HttpServlet.java:710) ~[tomcat-embed-core-11.0.24.jar:6.1]
	at org.apache.catalina.core.ApplicationFilterChain.doFilter(ApplicationFilterChain.java:132) ~[tomcat-embed-core-11.0.24.jar:11.0.24]
	at org.apache.tomcat.websocket.server.WsFilter.doFilter(WsFilter.java:59) ~[tomcat-embed-websocket-11.0.24.jar:11.0.24]
	at org.apache.catalina.core.ApplicationFilterChain.doFilter(ApplicationFilterChain.java:111) ~[tomcat-embed-core-11.0.24.jar:11.0.24]
	at org.springframework.web.filter.CompositeFilter$VirtualFilterChain.doFilter(CompositeFilter.java:108) ~[spring-web-7.0.9.jar:7.0.9]
	at org.springframework.security.web.FilterChainProxy.lambda$doFilterInternal$2(FilterChainProxy.java:235) ~[spring-security-web-7.1.1.jar:7.1.1]
	at org.springframework.security.web.ObservationFilterChainDecorator$FilterObservation$SimpleFilterObservation.lambda$wrap$1(ObservationFilterChainDecorator.java:491) ~[spring-security-web-7.1.1.jar:7.1.1]
	at org.springframework.security.web.ObservationFilterChainDecorator$AroundFilterObservation$SimpleAroundFilterObservation.lambda$wrap$1(ObservationFilterChainDecorator.java:353) ~[spring-security-web-7.1.1.jar:7.1.1]
	at org.springframework.security.web.ObservationFilterChainDecorator.lambda$wrapSecured$0(ObservationFilterChainDecorator.java:84) ~[spring-security-web-7.1.1.jar:7.1.1]
	at org.springframework.security.web.ObservationFilterChainDecorator$VirtualFilterChain.doFilter(ObservationFilterChainDecorator.java:131) ~[spring-security-web-7.1.1.jar:7.1.1]
	at org.springframework.security.web.access.intercept.AuthorizationFilter.doFilter(AuthorizationFilter.java:101) ~[spring-security-web-7.1.1.jar:7.1.1]
	at org.springframework.security.web.ObservationFilterChainDecorator$ObservationFilter.wrapFilter(ObservationFilterChainDecorator.java:243) ~[spring-security-web-7.1.1.jar:7.1.1]
	at org.springframework.security.web.ObservationFilterChainDecorator$ObservationFilter.doFilter(ObservationFilterChainDecorator.java:230) ~[spring-security-web-7.1.1.jar:7.1.1]
	at org.springframework.security.web.ObservationFilterChainDecorator$VirtualFilterChain.doFilter(ObservationFilterChainDecorator.java:140) ~[spring-security-web-7.1.1.jar:7.1.1]
	at org.springframework.security.web.access.ExceptionTranslationFilter.doFilter(ExceptionTranslationFilter.java:126) ~[spring-security-web-7.1.1.jar:7.1.1]
	at org.springframework.security.web.access.ExceptionTranslationFilter.doFilter(ExceptionTranslationFilter.java:120) ~[spring-security-web-7.1.1.jar:7.1.1]
	at org.springframework.security.web.ObservationFilterChainDecorator$ObservationFilter.wrapFilter(ObservationFilterChainDecorator.java:243) ~[spring-security-web-7.1.1.jar:7.1.1]
	at org.springframework.security.web.ObservationFilterChainDecorator$ObservationFilter.doFilter(ObservationFilterChainDecorator.java:230) ~[spring-security-web-7.1.1.jar:7.1.1]
	at org.springframework.security.web.ObservationFilterChainDecorator$VirtualFilterChain.doFilter(ObservationFilterChainDecorator.java:140) ~[spring-security-web-7.1.1.jar:7.1.1]
	at org.springframework.security.web.authentication.AnonymousAuthenticationFilter.doFilter(AnonymousAuthenticationFilter.java:100) ~[spring-security-web-7.1.1.jar:7.1.1]
	at org.springframework.security.web.ObservationFilterChainDecorator$ObservationFilter.wrapFilter(ObservationFilterChainDecorator.java:243) ~[spring-security-web-7.1.1.jar:7.1.1]
	at org.springframework.security.web.ObservationFilterChainDecorator$ObservationFilter.doFilter(ObservationFilterChainDecorator.java:230) ~[spring-security-web-7.1.1.jar:7.1.1]
	at org.springframework.security.web.ObservationFilterChainDecorator$VirtualFilterChain.doFilter(ObservationFilterChainDecorator.java:140) ~[spring-security-web-7.1.1.jar:7.1.1]
	at org.springframework.security.web.servletapi.SecurityContextHolderAwareRequestFilter.doFilter(SecurityContextHolderAwareRequestFilter.java:181) ~[spring-security-web-7.1.1.jar:7.1.1]
	at org.springframework.security.web.ObservationFilterChainDecorator$ObservationFilter.wrapFilter(ObservationFilterChainDecorator.java:243) ~[spring-security-web-7.1.1.jar:7.1.1]
	at org.springframework.security.web.ObservationFilterChainDecorator$ObservationFilter.doFilter(ObservationFilterChainDecorator.java:230) ~[spring-security-web-7.1.1.jar:7.1.1]
	at org.springframework.security.web.ObservationFilterChainDecorator$VirtualFilterChain.doFilter(ObservationFilterChainDecorator.java:140) ~[spring-security-web-7.1.1.jar:7.1.1]
	at org.springframework.security.web.savedrequest.RequestCacheAwareFilter.doFilter(RequestCacheAwareFilter.java:63) ~[spring-security-web-7.1.1.jar:7.1.1]
	at org.springframework.security.web.ObservationFilterChainDecorator$ObservationFilter.wrapFilter(ObservationFilterChainDecorator.java:243) ~[spring-security-web-7.1.1.jar:7.1.1]
	at org.springframework.security.web.ObservationFilterChainDecorator$ObservationFilter.doFilter(ObservationFilterChainDecorator.java:230) ~[spring-security-web-7.1.1.jar:7.1.1]
	at org.springframework.security.web.ObservationFilterChainDecorator$VirtualFilterChain.doFilter(ObservationFilterChainDecorator.java:140) ~[spring-security-web-7.1.1.jar:7.1.1]
	at org.springframework.security.web.authentication.www.BasicAuthenticationFilter.doFilterInternal(BasicAuthenticationFilter.java:198) ~[spring-security-web-7.1.1.jar:7.1.1]
	at org.springframework.web.filter.OncePerRequestFilter.doFilter(OncePerRequestFilter.java:116) ~[spring-web-7.0.9.jar:7.0.9]
	at org.springframework.security.web.ObservationFilterChainDecorator$ObservationFilter.wrapFilter(ObservationFilterChainDecorator.java:243) ~[spring-security-web-7.1.1.jar:7.1.1]
	at org.springframework.security.web.ObservationFilterChainDecorator$ObservationFilter.doFilter(ObservationFilterChainDecorator.java:230) ~[spring-security-web-7.1.1.jar:7.1.1]
	at org.springframework.security.web.ObservationFilterChainDecorator$VirtualFilterChain.doFilter(ObservationFilterChainDecorator.java:140) ~[spring-security-web-7.1.1.jar:7.1.1]
	at org.springframework.security.web.authentication.ui.DefaultLogoutPageGeneratingFilter.doFilterInternal(DefaultLogoutPageGeneratingFilter.java:60) ~[spring-security-web-7.1.1.jar:7.1.1]
	at org.springframework.web.filter.OncePerRequestFilter.doFilter(OncePerRequestFilter.java:116) ~[spring-web-7.0.9.jar:7.0.9]
	at org.springframework.security.web.ObservationFilterChainDecorator$ObservationFilter.wrapFilter(ObservationFilterChainDecorator.java:243) ~[spring-security-web-7.1.1.jar:7.1.1]
	at org.springframework.security.web.ObservationFilterChainDecorator$ObservationFilter.doFilter(ObservationFilterChainDecorator.java:230) ~[spring-security-web-7.1.1.jar:7.1.1]
	at org.springframework.security.web.ObservationFilterChainDecorator$VirtualFilterChain.doFilter(ObservationFilterChainDecorator.java:140) ~[spring-security-web-7.1.1.jar:7.1.1]
	at org.springframework.security.web.authentication.ui.DefaultLoginPageGeneratingFilter.doFilter(DefaultLoginPageGeneratingFilter.java:246) ~[spring-security-web-7.1.1.jar:7.1.1]
	at org.springframework.security.web.authentication.ui.DefaultLoginPageGeneratingFilter.doFilter(DefaultLoginPageGeneratingFilter.java:232) ~[spring-security-web-7.1.1.jar:7.1.1]
	at org.springframework.security.web.ObservationFilterChainDecorator$ObservationFilter.wrapFilter(ObservationFilterChainDecorator.java:243) ~[spring-security-web-7.1.1.jar:7.1.1]
	at org.springframework.security.web.ObservationFilterChainDecorator$ObservationFilter.doFilter(ObservationFilterChainDecorator.java:230) ~[spring-security-web-7.1.1.jar:7.1.1]
	at org.springframework.security.web.ObservationFilterChainDecorator$VirtualFilterChain.doFilter(ObservationFilterChainDecorator.java:140) ~[spring-security-web-7.1.1.jar:7.1.1]
	at org.springframework.security.web.authentication.ui.DefaultResourcesFilter.doFilter(DefaultResourcesFilter.java:73) ~[spring-security-web-7.1.1.jar:7.1.1]
	at org.springframework.security.web.ObservationFilterChainDecorator$ObservationFilter.wrapFilter(ObservationFilterChainDecorator.java:243) ~[spring-security-web-7.1.1.jar:7.1.1]
	at org.springframework.security.web.ObservationFilterChainDecorator$ObservationFilter.doFilter(ObservationFilterChainDecorator.java:230) ~[spring-security-web-7.1.1.jar:7.1.1]
	at org.springframework.security.web.ObservationFilterChainDecorator$VirtualFilterChain.doFilter(ObservationFilterChainDecorator.java:140) ~[spring-security-web-7.1.1.jar:7.1.1]
	at org.springframework.security.web.authentication.AbstractAuthenticationProcessingFilter.doFilter(AbstractAuthenticationProcessingFilter.java:245) ~[spring-security-web-7.1.1.jar:7.1.1]
	at org.springframework.security.web.authentication.AbstractAuthenticationProcessingFilter.doFilter(AbstractAuthenticationProcessingFilter.java:239) ~[spring-security-web-7.1.1.jar:7.1.1]
	at org.springframework.security.web.ObservationFilterChainDecorator$ObservationFilter.wrapFilter(ObservationFilterChainDecorator.java:243) ~[spring-security-web-7.1.1.jar:7.1.1]
	at org.springframework.security.web.ObservationFilterChainDecorator$ObservationFilter.doFilter(ObservationFilterChainDecorator.java:230) ~[spring-security-web-7.1.1.jar:7.1.1]
	at org.springframework.security.web.ObservationFilterChainDecorator$VirtualFilterChain.doFilter(ObservationFilterChainDecorator.java:140) ~[spring-security-web-7.1.1.jar:7.1.1]
	at org.springframework.security.web.authentication.logout.LogoutFilter.doFilter(LogoutFilter.java:110) ~[spring-security-web-7.1.1.jar:7.1.1]
	at org.springframework.security.web.authentication.logout.LogoutFilter.doFilter(LogoutFilter.java:96) ~[spring-security-web-7.1.1.jar:7.1.1]
	at org.springframework.security.web.ObservationFilterChainDecorator$ObservationFilter.wrapFilter(ObservationFilterChainDecorator.java:243) ~[spring-security-web-7.1.1.jar:7.1.1]
	at org.springframework.security.web.ObservationFilterChainDecorator$ObservationFilter.doFilter(ObservationFilterChainDecorator.java:230) ~[spring-security-web-7.1.1.jar:7.1.1]
	at org.springframework.security.web.ObservationFilterChainDecorator$VirtualFilterChain.doFilter(ObservationFilterChainDecorator.java:140) ~[spring-security-web-7.1.1.jar:7.1.1]
	at org.springframework.security.web.csrf.CsrfFilter.doFilterInternal(CsrfFilter.java:118) ~[spring-security-web-7.1.1.jar:7.1.1]
	at org.springframework.web.filter.OncePerRequestFilter.doFilter(OncePerRequestFilter.java:116) ~[spring-web-7.0.9.jar:7.0.9]
	at org.springframework.security.web.ObservationFilterChainDecorator$ObservationFilter.wrapFilter(ObservationFilterChainDecorator.java:243) ~[spring-security-web-7.1.1.jar:7.1.1]
	at org.springframework.security.web.ObservationFilterChainDecorator$ObservationFilter.doFilter(ObservationFilterChainDecorator.java:230) ~[spring-security-web-7.1.1.jar:7.1.1]
	at org.springframework.security.web.ObservationFilterChainDecorator$VirtualFilterChain.doFilter(ObservationFilterChainDecorator.java:140) ~[spring-security-web-7.1.1.jar:7.1.1]
	at org.springframework.web.filter.CorsFilter.doFilterInternal(CorsFilter.java:91) ~[spring-web-7.0.9.jar:7.0.9]
	at org.springframework.web.filter.OncePerRequestFilter.doFilter(OncePerRequestFilter.java:116) ~[spring-web-7.0.9.jar:7.0.9]
	at org.springframework.security.web.ObservationFilterChainDecorator$ObservationFilter.wrapFilter(ObservationFilterChainDecorator.java:243) ~[spring-security-web-7.1.1.jar:7.1.1]
	at org.springframework.security.web.ObservationFilterChainDecorator$ObservationFilter.doFilter(ObservationFilterChainDecorator.java:230) ~[spring-security-web-7.1.1.jar:7.1.1]
	at org.springframework.security.web.ObservationFilterChainDecorator$VirtualFilterChain.doFilter(ObservationFilterChainDecorator.java:140) ~[spring-security-web-7.1.1.jar:7.1.1]
	at org.springframework.security.web.header.HeaderWriterFilter.doHeadersAfter(HeaderWriterFilter.java:90) ~[spring-security-web-7.1.1.jar:7.1.1]
	at org.springframework.security.web.header.HeaderWriterFilter.doFilterInternal(HeaderWriterFilter.java:75) ~[spring-security-web-7.1.1.jar:7.1.1]
	at org.springframework.web.filter.OncePerRequestFilter.doFilter(OncePerRequestFilter.java:116) ~[spring-web-7.0.9.jar:7.0.9]
	at org.springframework.security.web.ObservationFilterChainDecorator$ObservationFilter.wrapFilter(ObservationFilterChainDecorator.java:243) ~[spring-security-web-7.1.1.jar:7.1.1]
	at org.springframework.security.web.ObservationFilterChainDecorator$ObservationFilter.doFilter(ObservationFilterChainDecorator.java:230) ~[spring-security-web-7.1.1.jar:7.1.1]
	at org.springframework.security.web.ObservationFilterChainDecorator$VirtualFilterChain.doFilter(ObservationFilterChainDecorator.java:140) ~[spring-security-web-7.1.1.jar:7.1.1]
	at org.springframework.security.web.context.SecurityContextHolderFilter.doFilter(SecurityContextHolderFilter.java:82) ~[spring-security-web-7.1.1.jar:7.1.1]
	at org.springframework.security.web.context.SecurityContextHolderFilter.doFilter(SecurityContextHolderFilter.java:69) ~[spring-security-web-7.1.1.jar:7.1.1]
	at org.springframework.security.web.ObservationFilterChainDecorator$ObservationFilter.wrapFilter(ObservationFilterChainDecorator.java:243) ~[spring-security-web-7.1.1.jar:7.1.1]
	at org.springframework.security.web.ObservationFilterChainDecorator$ObservationFilter.doFilter(ObservationFilterChainDecorator.java:230) ~[spring-security-web-7.1.1.jar:7.1.1]
	at org.springframework.security.web.ObservationFilterChainDecorator$VirtualFilterChain.doFilter(ObservationFilterChainDecorator.java:140) ~[spring-security-web-7.1.1.jar:7.1.1]
	at org.springframework.security.web.context.request.async.WebAsyncManagerIntegrationFilter.doFilterInternal(WebAsyncManagerIntegrationFilter.java:62) ~[spring-security-web-7.1.1.jar:7.1.1]
	at org.springframework.web.filter.OncePerRequestFilter.doFilter(OncePerRequestFilter.java:116) ~[spring-web-7.0.9.jar:7.0.9]
	at org.springframework.security.web.ObservationFilterChainDecorator$ObservationFilter.wrapFilter(ObservationFilterChainDecorator.java:243) ~[spring-security-web-7.1.1.jar:7.1.1]
	at org.springframework.security.web.ObservationFilterChainDecorator$ObservationFilter.doFilter(ObservationFilterChainDecorator.java:230) ~[spring-security-web-7.1.1.jar:7.1.1]
	at org.springframework.security.web.ObservationFilterChainDecorator$VirtualFilterChain.doFilter(ObservationFilterChainDecorator.java:140) ~[spring-security-web-7.1.1.jar:7.1.1]
	at org.springframework.security.web.session.DisableEncodeUrlFilter.doFilterInternal(DisableEncodeUrlFilter.java:42) ~[spring-security-web-7.1.1.jar:7.1.1]
	at org.springframework.web.filter.OncePerRequestFilter.doFilter(OncePerRequestFilter.java:116) ~[spring-web-7.0.9.jar:7.0.9]
	at org.springframework.security.web.ObservationFilterChainDecorator$ObservationFilter.wrapFilter(ObservationFilterChainDecorator.java:243) ~[spring-security-web-7.1.1.jar:7.1.1]
	at org.springframework.security.web.ObservationFilterChainDecorator$AroundFilterObservation$SimpleAroundFilterObservation.lambda$wrap$0(ObservationFilterChainDecorator.java:336) ~[spring-security-web-7.1.1.jar:7.1.1]
	at org.springframework.security.web.ObservationFilterChainDecorator$ObservationFilter.doFilter(ObservationFilterChainDecorator.java:227) ~[spring-security-web-7.1.1.jar:7.1.1]
	at org.springframework.security.web.ObservationFilterChainDecorator$VirtualFilterChain.doFilter(ObservationFilterChainDecorator.java:140) ~[spring-security-web-7.1.1.jar:7.1.1]
	at org.springframework.security.web.FilterChainProxy.doFilterInternal(FilterChainProxy.java:237) ~[spring-security-web-7.1.1.jar:7.1.1]
	at org.springframework.security.web.FilterChainProxy.doFilter(FilterChainProxy.java:195) ~[spring-security-web-7.1.1.jar:7.1.1]
	at org.springframework.web.filter.CompositeFilter$VirtualFilterChain.doFilter(CompositeFilter.java:113) ~[spring-web-7.0.9.jar:7.0.9]
	at org.springframework.web.filter.ServletRequestPathFilter.doFilter(ServletRequestPathFilter.java:52) ~[spring-web-7.0.9.jar:7.0.9]
	at org.springframework.web.filter.CompositeFilter$VirtualFilterChain.doFilter(CompositeFilter.java:113) ~[spring-web-7.0.9.jar:7.0.9]
	at org.springframework.web.filter.CompositeFilter.doFilter(CompositeFilter.java:74) ~[spring-web-7.0.9.jar:7.0.9]
	at org.springframework.security.config.annotation.web.configuration.WebSecurityConfiguration$CompositeFilterChainProxy.doFilter(WebSecurityConfiguration.java:317) ~[spring-security-config-7.1.1.jar:7.1.1]
	at org.springframework.web.filter.DelegatingFilterProxy.invokeDelegate(DelegatingFilterProxy.java:355) ~[spring-web-7.0.9.jar:7.0.9]
	at org.springframework.web.filter.DelegatingFilterProxy.doFilter(DelegatingFilterProxy.java:272) ~[spring-web-7.0.9.jar:7.0.9]
	at org.apache.catalina.core.ApplicationFilterChain.doFilter(ApplicationFilterChain.java:111) ~[tomcat-embed-core-11.0.24.jar:11.0.24]
	at org.springframework.web.filter.RequestContextFilter.doFilterInternal(RequestContextFilter.java:100) ~[spring-web-7.0.9.jar:7.0.9]
	at org.springframework.web.filter.OncePerRequestFilter.doFilter(OncePerRequestFilter.java:116) ~[spring-web-7.0.9.jar:7.0.9]
	at org.apache.catalina.core.ApplicationFilterChain.doFilter(ApplicationFilterChain.java:111) ~[tomcat-embed-core-11.0.24.jar:11.0.24]
	at org.springframework.web.filter.FormContentFilter.doFilterInternal(FormContentFilter.java:93) ~[spring-web-7.0.9.jar:7.0.9]
	at org.springframework.web.filter.OncePerRequestFilter.doFilter(OncePerRequestFilter.java:116) ~[spring-web-7.0.9.jar:7.0.9]
	at org.apache.catalina.core.ApplicationFilterChain.doFilter(ApplicationFilterChain.java:111) ~[tomcat-embed-core-11.0.24.jar:11.0.24]
	at org.springframework.web.filter.ServerHttpObservationFilter.doFilterInternal(ServerHttpObservationFilter.java:110) ~[spring-web-7.0.9.jar:7.0.9]
	at org.springframework.web.filter.OncePerRequestFilter.doFilter(OncePerRequestFilter.java:116) ~[spring-web-7.0.9.jar:7.0.9]
	at org.apache.catalina.core.ApplicationFilterChain.doFilter(ApplicationFilterChain.java:111) ~[tomcat-embed-core-11.0.24.jar:11.0.24]
	at org.springframework.web.filter.CharacterEncodingFilter.doFilterInternal(CharacterEncodingFilter.java:199) ~[spring-web-7.0.9.jar:7.0.9]
	at org.springframework.web.filter.OncePerRequestFilter.doFilter(OncePerRequestFilter.java:116) ~[spring-web-7.0.9.jar:7.0.9]
	at org.apache.catalina.core.ApplicationFilterChain.doFilter(ApplicationFilterChain.java:111) ~[tomcat-embed-core-11.0.24.jar:11.0.24]
	at org.apache.catalina.core.StandardWrapperValve.invoke(StandardWrapperValve.java:165) ~[tomcat-embed-core-11.0.24.jar:11.0.24]
	at org.apache.catalina.core.StandardContextValve.invoke(StandardContextValve.java:77) ~[tomcat-embed-core-11.0.24.jar:11.0.24]
	at org.apache.catalina.authenticator.AuthenticatorBase.invoke(AuthenticatorBase.java:535) ~[tomcat-embed-core-11.0.24.jar:11.0.24]
	at org.apache.catalina.core.StandardHostValve.invoke(StandardHostValve.java:115) ~[tomcat-embed-core-11.0.24.jar:11.0.24]
	at org.apache.catalina.valves.ErrorReportValve.invoke(ErrorReportValve.java:86) ~[tomcat-embed-core-11.0.24.jar:11.0.24]
	at org.apache.catalina.core.StandardEngineValve.invoke(StandardEngineValve.java:71) ~[tomcat-embed-core-11.0.24.jar:11.0.24]
	at org.apache.catalina.connector.CoyoteAdapter.service(CoyoteAdapter.java:347) ~[tomcat-embed-core-11.0.24.jar:11.0.24]
	at org.apache.coyote.http11.Http11Processor.service(Http11Processor.java:406) ~[tomcat-embed-core-11.0.24.jar:11.0.24]
	at org.apache.coyote.AbstractProcessorLight.process(AbstractProcessorLight.java:71) ~[tomcat-embed-core-11.0.24.jar:11.0.24]
	at org.apache.coyote.AbstractProtocol$ConnectionHandler.process(AbstractProtocol.java:1307) ~[tomcat-embed-core-11.0.24.jar:11.0.24]
	at org.apache.tomcat.util.net.NioEndpoint$SocketProcessor.doRun(NioEndpoint.java:2036) ~[tomcat-embed-core-11.0.24.jar:11.0.24]
	at org.apache.tomcat.util.net.SocketProcessorBase.run(SocketProcessorBase.java:74) ~[tomcat-embed-core-11.0.24.jar:11.0.24]
	at org.apache.tomcat.util.threads.ThreadPoolExecutor.runWorker(ThreadPoolExecutor.java:949) ~[tomcat-embed-core-11.0.24.jar:11.0.24]
	at org.apache.tomcat.util.threads.ThreadPoolExecutor$Worker.run(ThreadPoolExecutor.java:483) ~[tomcat-embed-core-11.0.24.jar:11.0.24]
	at org.apache.tomcat.util.threads.TaskThread$WrappingRunnable.run(TaskThread.java:74) ~[tomcat-embed-core-11.0.24.jar:11.0.24]
	at java.base/java.lang.Thread.run(Thread.java:842) ~[na:na]

2026-09-29T09:46:27.938-05:00  INFO 25128 --- [demo] [File Watcher] rtingClassPathChangeChangedEventListener : Restarting due to 1 class path change (0 additions, 0 deletions, 1 modification)
2026-09-29T09:46:27.952-05:00  INFO 25128 --- [demo] [Thread-1] o.s.boot.tomcat.GracefulShutdown         : Commencing graceful shutdown. Waiting for active requests to complete
2026-09-29T09:46:29.311-05:00  INFO 25128 --- [demo] [tomcat-shutdown] o.s.boot.tomcat.GracefulShutdown         : Graceful shutdown complete
2026-09-29T09:46:29.545-05:00  INFO 25128 --- [demo] [restartedMain] com.spring.demo.DemoApplication          : Starting DemoApplication using Java 17.0.20.1 with PID 25128 (C:\Users\EthanWilson\Git_Repos\demo\target\classes started by EthanWilson in C:\Users\EthanWilson\Git_Repos\demo)
2026-09-29T09:46:29.550-05:00  INFO 25128 --- [demo] [restartedMain] com.spring.demo.DemoApplication          : No active profile set, falling back to 1 default profile: "default"
2026-09-29T09:46:30.717-05:00  INFO 25128 --- [demo] [restartedMain] o.s.boot.tomcat.TomcatWebServer          : Tomcat initialized with port 8080 (http)
2026-09-29T09:46:30.721-05:00  INFO 25128 --- [demo] [restartedMain] o.apache.catalina.core.StandardService   : Starting service [Tomcat]
2026-09-29T09:46:30.723-05:00  INFO 25128 --- [demo] [restartedMain] o.apache.catalina.core.StandardEngine    : Starting Servlet engine: [Apache Tomcat/11.0.24]
2026-09-29T09:46:30.783-05:00  INFO 25128 --- [demo] [restartedMain] b.w.c.s.WebApplicationContextInitializer : Root WebApplicationContext: initialization completed in 1216 ms
2026-09-29T09:46:30.957-05:00  INFO 25128 --- [demo] [restartedMain] o.s.boot.tomcat.TomcatWebServer          : Tomcat started on port 8080 (http) with context path '/'
2026-09-29T09:46:31.206-05:00  INFO 25128 --- [demo] [restartedMain] o.s.b.a.e.web.EndpointLinksResolver      : Exposing 13 endpoints beneath base path '/actuator'
2026-09-29T09:46:31.213-05:00  INFO 25128 --- [demo] [restartedMain] com.spring.demo.DemoApplication          : Started DemoApplication in 1.764 seconds (process running for 54.985)
2026-09-29T09:46:31.218-05:00  INFO 25128 --- [demo] [restartedMain] .ConditionEvaluationDeltaLoggingListener : Condition evaluation unchanged
2026-09-29T09:46:32.793-05:00  INFO 25128 --- [demo] [File Watcher] rtingClassPathChangeChangedEventListener : Restarting due to 1 class path change (0 additions, 0 deletions, 1 modification)
2026-09-29T09:46:32.796-05:00  INFO 25128 --- [demo] [Thread-5] o.s.boot.tomcat.GracefulShutdown         : Commencing graceful shutdown. Waiting for active requests to complete
2026-09-29T09:46:33.392-05:00  INFO 25128 --- [demo] [tomcat-shutdown] o.s.boot.tomcat.GracefulShutdown         : Graceful shutdown complete
2026-09-29T09:46:38.155-05:00  INFO 25128 --- [demo] [restartedMain] com.spring.demo.DemoApplication          : Starting DemoApplication using Java 17.0.20.1 with PID 25128 (C:\Users\EthanWilson\Git_Repos\demo\target\classes started by EthanWilson in C:\Users\EthanWilson\Git_Repos\demo)
2026-09-29T09:46:38.175-05:00  INFO 25128 --- [demo] [restartedMain] com.spring.demo.DemoApplication          : No active profile set, falling back to 1 default profile: "default"
2026-09-29T09:46:38.197-05:00  WARN 25128 --- [demo] [restartedMain] ionWarningsApplicationContextInitializer : 

** WARNING ** : Your ApplicationContext is unlikely to start due to a @ComponentScan of the default package.


2026-09-29T09:46:38.842-05:00  INFO 25128 --- [demo] [restartedMain] o.s.boot.tomcat.TomcatWebServer          : Tomcat initialized with port 8080 (http)
2026-09-29T09:46:38.844-05:00  INFO 25128 --- [demo] [restartedMain] o.apache.catalina.core.StandardService   : Starting service [Tomcat]
2026-09-29T09:46:38.845-05:00  INFO 25128 --- [demo] [restartedMain] o.apache.catalina.core.StandardEngine    : Starting Servlet engine: [Apache Tomcat/11.0.24]
2026-09-29T09:46:38.883-05:00  INFO 25128 --- [demo] [restartedMain] b.w.c.s.WebApplicationContextInitializer : Root WebApplicationContext: initialization completed in 687 ms
2026-09-29T09:46:39.038-05:00  INFO 25128 --- [demo] [restartedMain] o.s.boot.tomcat.TomcatWebServer          : Tomcat started on port 8080 (http) with context path '/'
2026-09-29T09:46:39.364-05:00  INFO 25128 --- [demo] [restartedMain] o.s.b.a.e.web.EndpointLinksResolver      : Exposing 13 endpoints beneath base path '/actuator'
2026-09-29T09:46:39.388-05:00  INFO 25128 --- [demo] [restartedMain] com.spring.demo.DemoApplication          : Started DemoApplication in 1.338 seconds (process running for 63.16)
2026-09-29T09:46:39.400-05:00  INFO 25128 --- [demo] [restartedMain] .ConditionEvaluationDeltaLoggingListener : Condition evaluation unchanged
2026-09-29T09:46:40.410-05:00  INFO 25128 --- [demo] [File Watcher] rtingClassPathChangeChangedEventListener : Restarting due to 1 class path change (0 additions, 0 deletions, 1 modification)
2026-09-29T09:46:40.413-05:00  INFO 25128 --- [demo] [Thread-9] o.s.boot.tomcat.GracefulShutdown         : Commencing graceful shutdown. Waiting for active requests to complete
2026-09-29T09:46:41.340-05:00  INFO 25128 --- [demo] [tomcat-shutdown] o.s.boot.tomcat.GracefulShutdown         : Graceful shutdown complete
2026-09-29T09:46:41.513-05:00  INFO 25128 --- [demo] [restartedMain] com.spring.demo.DemoApplication          : Starting DemoApplication using Java 17.0.20.1 with PID 25128 (C:\Users\EthanWilson\Git_Repos\demo\target\classes started by EthanWilson in C:\Users\EthanWilson\Git_Repos\demo)
2026-09-29T09:46:41.516-05:00  INFO 25128 --- [demo] [restartedMain] com.spring.demo.DemoApplication          : No active profile set, falling back to 1 default profile: "default"
2026-09-29T09:46:42.461-05:00  INFO 25128 --- [demo] [restartedMain] o.s.boot.tomcat.TomcatWebServer          : Tomcat initialized with port 8080 (http)
2026-09-29T09:46:42.465-05:00  INFO 25128 --- [demo] [restartedMain] o.apache.catalina.core.StandardService   : Starting service [Tomcat]
2026-09-29T09:46:42.484-05:00  INFO 25128 --- [demo] [restartedMain] o.apache.catalina.core.StandardEngine    : Starting Servlet engine: [Apache Tomcat/11.0.24]
2026-09-29T09:46:42.560-05:00  INFO 25128 --- [demo] [restartedMain] b.w.c.s.WebApplicationContextInitializer : Root WebApplicationContext: initialization completed in 1037 ms
2026-09-29T09:46:42.834-05:00  INFO 25128 --- [demo] [restartedMain] o.s.boot.tomcat.TomcatWebServer          : Tomcat started on port 8080 (http) with context path '/'
2026-09-29T09:46:43.110-05:00  INFO 25128 --- [demo] [restartedMain] o.s.b.a.e.web.EndpointLinksResolver      : Exposing 13 endpoints beneath base path '/actuator'
2026-09-29T09:46:43.119-05:00  INFO 25128 --- [demo] [restartedMain] com.spring.demo.DemoApplication          : Started DemoApplication in 1.672 seconds (process running for 66.891)
2026-09-29T09:46:43.140-05:00  INFO 25128 --- [demo] [restartedMain] .ConditionEvaluationDeltaLoggingListener : Condition evaluation unchanged
2026-09-29T09:46:47.287-05:00  INFO 25128 --- [demo] [File Watcher] rtingClassPathChangeChangedEventListener : Restarting due to 1 class path change (0 additions, 0 deletions, 1 modification)
2026-09-29T09:46:47.290-05:00  INFO 25128 --- [demo] [Thread-15] o.s.boot.tomcat.GracefulShutdown         : Commencing graceful shutdown. Waiting for active requests to complete
2026-09-29T09:46:48.339-05:00  INFO 25128 --- [demo] [tomcat-shutdown] o.s.boot.tomcat.GracefulShutdown         : Graceful shutdown complete
2026-09-29T09:46:48.566-05:00  INFO 25128 --- [demo] [restartedMain] com.spring.demo.DemoApplication          : Starting DemoApplication using Java 17.0.20.1 with PID 25128 (C:\Users\EthanWilson\Git_Repos\demo\target\classes started by EthanWilson in C:\Users\EthanWilson\Git_Repos\demo)
2026-09-29T09:46:48.570-05:00  INFO 25128 --- [demo] [restartedMain] com.spring.demo.DemoApplication          : No active profile set, falling back to 1 default profile: "default"
2026-09-29T09:46:49.617-05:00  INFO 25128 --- [demo] [restartedMain] o.s.boot.tomcat.TomcatWebServer          : Tomcat initialized with port 8080 (http)
2026-09-29T09:46:49.619-05:00  INFO 25128 --- [demo] [restartedMain] o.apache.catalina.core.StandardService   : Starting service [Tomcat]
2026-09-29T09:46:49.619-05:00  INFO 25128 --- [demo] [restartedMain] o.apache.catalina.core.StandardEngine    : Starting Servlet engine: [Apache Tomcat/11.0.24]
2026-09-29T09:46:49.643-05:00  INFO 25128 --- [demo] [restartedMain] b.w.c.s.WebApplicationContextInitializer : Root WebApplicationContext: initialization completed in 1035 ms
2026-09-29T09:46:49.956-05:00  INFO 25128 --- [demo] [restartedMain] o.s.boot.tomcat.TomcatWebServer          : Tomcat started on port 8080 (http) with context path '/'
2026-09-29T09:46:50.406-05:00  INFO 25128 --- [demo] [restartedMain] o.s.b.a.e.web.EndpointLinksResolver      : Exposing 13 endpoints beneath base path '/actuator'
2026-09-29T09:46:50.428-05:00  INFO 25128 --- [demo] [restartedMain] com.spring.demo.DemoApplication          : Started DemoApplication in 1.937 seconds (process running for 74.2)
2026-09-29T09:46:50.435-05:00  INFO 25128 --- [demo] [restartedMain] .ConditionEvaluationDeltaLoggingListener : Condition evaluation unchanged
2026-09-29T09:46:54.336-05:00  INFO 25128 --- [demo] [File Watcher] rtingClassPathChangeChangedEventListener : Restarting due to 1 class path change (0 additions, 0 deletions, 1 modification)
2026-09-29T09:46:54.343-05:00  INFO 25128 --- [demo] [Thread-19] o.s.boot.tomcat.GracefulShutdown         : Commencing graceful shutdown. Waiting for active requests to complete
2026-09-29T09:46:55.082-05:00  INFO 25128 --- [demo] [tomcat-shutdown] o.s.boot.tomcat.GracefulShutdown         : Graceful shutdown complete
2026-09-29T09:46:55.280-05:00  INFO 25128 --- [demo] [restartedMain] com.spring.demo.DemoApplication          : Starting DemoApplication using Java 17.0.20.1 with PID 25128 (C:\Users\EthanWilson\Git_Repos\demo\target\classes started by EthanWilson in C:\Users\EthanWilson\Git_Repos\demo)
2026-09-29T09:46:55.282-05:00  INFO 25128 --- [demo] [restartedMain] com.spring.demo.DemoApplication          : No active profile set, falling back to 1 default profile: "default"
2026-09-29T09:46:56.197-05:00  INFO 25128 --- [demo] [restartedMain] o.s.boot.tomcat.TomcatWebServer          : Tomcat initialized with port 8080 (http)
2026-09-29T09:46:56.199-05:00  INFO 25128 --- [demo] [restartedMain] o.apache.catalina.core.StandardService   : Starting service [Tomcat]
2026-09-29T09:46:56.201-05:00  INFO 25128 --- [demo] [restartedMain] o.apache.catalina.core.StandardEngine    : Starting Servlet engine: [Apache Tomcat/11.0.24]
2026-09-29T09:46:56.242-05:00  INFO 25128 --- [demo] [restartedMain] b.w.c.s.WebApplicationContextInitializer : Root WebApplicationContext: initialization completed in 954 ms
2026-09-29T09:46:56.453-05:00  INFO 25128 --- [demo] [restartedMain] o.s.boot.tomcat.TomcatWebServer          : Tomcat started on port 8080 (http) with context path '/'
2026-09-29T09:46:56.632-05:00  INFO 25128 --- [demo] [restartedMain] o.s.b.a.e.web.EndpointLinksResolver      : Exposing 13 endpoints beneath base path '/actuator'
2026-09-29T09:46:56.655-05:00  INFO 25128 --- [demo] [restartedMain] com.spring.demo.DemoApplication          : Started DemoApplication in 1.475 seconds (process running for 80.427)
2026-09-29T09:46:56.665-05:00  INFO 25128 --- [demo] [restartedMain] .ConditionEvaluationDeltaLoggingListener : Condition evaluation unchanged
2026-09-29T09:47:05.784-05:00  INFO 25128 --- [demo] [http-nio-8080-exec-1] o.a.c.c.C.[Tomcat].[localhost].[/]       : Initializing Spring DispatcherServlet 'dispatcherServlet'
2026-09-29T09:47:05.787-05:00  INFO 25128 --- [demo] [http-nio-8080-exec-1] o.s.web.servlet.DispatcherServlet        : Initializing Servlet 'dispatcherServlet'
2026-09-29T09:47:05.830-05:00  INFO 25128 --- [demo] [http-nio-8080-exec-1] o.s.web.servlet.DispatcherServlet        : Completed initialization in 37 ms
2026-09-29T09:47:05.921-05:00  INFO 25128 --- [demo] [http-nio-8080-exec-1] r$InitializeUserDetailsManagerConfigurer : Global AuthenticationManager configured with UserDetailsService bean with name inMemoryUserDetailsManager
2026-09-29T09:47:23.469-05:00  INFO 25128 --- [demo] [File Watcher] rtingClassPathChangeChangedEventListener : Restarting due to 1 class path change (0 additions, 0 deletions, 1 modification)
2026-09-29T09:47:23.472-05:00  INFO 25128 --- [demo] [Thread-23] o.s.boot.tomcat.GracefulShutdown         : Commencing graceful shutdown. Waiting for active requests to complete
2026-09-29T09:47:24.199-05:00  INFO 25128 --- [demo] [tomcat-shutdown] o.s.boot.tomcat.GracefulShutdown         : Graceful shutdown complete
2026-09-29T09:47:24.339-05:00  INFO 25128 --- [demo] [restartedMain] com.spring.demo.DemoApplication          : Starting DemoApplication using Java 17.0.20.1 with PID 25128 (C:\Users\EthanWilson\Git_Repos\demo\target\classes started by EthanWilson in C:\Users\EthanWilson\Git_Repos\demo)
2026-09-29T09:47:24.341-05:00  INFO 25128 --- [demo] [restartedMain] com.spring.demo.DemoApplication          : No active profile set, falling back to 1 default profile: "default"
2026-09-29T09:47:24.345-05:00  WARN 25128 --- [demo] [restartedMain] ConfigServletWebServerApplicationContext : Exception encountered during context initialization - cancelling refresh attempt: org.springframework.context.ApplicationContextException: Unable to start web server
2026-09-29T09:47:24.399-05:00 ERROR 25128 --- [demo] [restartedMain] o.s.b.d.LoggingFailureAnalysisReporter   : 

***************************
APPLICATION FAILED TO START
***************************

Description:

Web application could not be started as there was no org.springframework.boot.web.server.servlet.ServletWebServerFactory bean defined in the context.

Action:

Check your application's dependencies for a supported servlet web server.
Check the configured web application type.

2026-09-29T09:47:34.236-05:00  INFO 25128 --- [demo] [restartedMain] com.spring.demo.DemoApplication          : Starting DemoApplication using Java 17.0.20.1 with PID 25128 (C:\Users\EthanWilson\Git_Repos\demo\target\classes started by EthanWilson in C:\Users\EthanWilson\Git_Repos\demo)
2026-09-29T09:47:34.249-05:00  INFO 25128 --- [demo] [restartedMain] com.spring.demo.DemoApplication          : No active profile set, falling back to 1 default profile: "default"
2026-09-29T09:47:34.260-05:00  WARN 25128 --- [demo] [restartedMain] ConfigServletWebServerApplicationContext : Exception encountered during context initialization - cancelling refresh attempt: org.springframework.context.ApplicationContextException: Unable to start web server
2026-09-29T09:47:34.267-05:00 ERROR 25128 --- [demo] [restartedMain] o.s.b.d.LoggingFailureAnalysisReporter   : 

***************************
APPLICATION FAILED TO START
***************************

Description:

Web application could not be started as there was no org.springframework.boot.web.server.servlet.ServletWebServerFactory bean defined in the context.

Action:

Check your application's dependencies for a supported servlet web server.
Check the configured web application type.

2026-09-29T09:47:43.014-05:00  INFO 25128 --- [demo] [restartedMain] com.spring.demo.DemoApplication          : Starting DemoApplication using Java 17.0.20.1 with PID 25128 (C:\Users\EthanWilson\Git_Repos\demo\target\classes started by EthanWilson in C:\Users\EthanWilson\Git_Repos\demo)
2026-09-29T09:47:43.015-05:00  INFO 25128 --- [demo] [restartedMain] com.spring.demo.DemoApplication          : No active profile set, falling back to 1 default profile: "default"
2026-09-29T09:47:43.021-05:00  WARN 25128 --- [demo] [restartedMain] ConfigServletWebServerApplicationContext : Exception encountered during context initialization - cancelling refresh attempt: org.springframework.context.ApplicationContextException: Unable to start web server
2026-09-29T09:47:43.027-05:00 ERROR 25128 --- [demo] [restartedMain] o.s.b.d.LoggingFailureAnalysisReporter   : 

***************************
APPLICATION FAILED TO START
***************************

Description:

Web application could not be started as there was no org.springframework.boot.web.server.servlet.ServletWebServerFactory bean defined in the context.

Action:

Check your application's dependencies for a supported servlet web server.
Check the configured web application type.

2026-09-29T09:47:50.721-05:00  INFO 25128 --- [demo] [restartedMain] com.spring.demo.DemoApplication          : Starting DemoApplication using Java 17.0.20.1 with PID 25128 (C:\Users\EthanWilson\Git_Repos\demo\target\classes started by EthanWilson in C:\Users\EthanWilson\Git_Repos\demo)
2026-09-29T09:47:50.725-05:00  INFO 25128 --- [demo] [restartedMain] com.spring.demo.DemoApplication          : No active profile set, falling back to 1 default profile: "default"
2026-09-29T09:47:50.741-05:00  WARN 25128 --- [demo] [restartedMain] ConfigServletWebServerApplicationContext : Exception encountered during context initialization - cancelling refresh attempt: org.springframework.context.ApplicationContextException: Unable to start web server
2026-09-29T09:47:50.752-05:00 ERROR 25128 --- [demo] [restartedMain] o.s.b.d.LoggingFailureAnalysisReporter   : 

***************************
APPLICATION FAILED TO START
***************************

Description:

Web application could not be started as there was no org.springframework.boot.web.server.servlet.ServletWebServerFactory bean defined in the context.

Action:

Check your application's dependencies for a supported servlet web server.
Check the configured web application type.

2026-09-29T09:48:03.623-05:00  INFO 25128 --- [demo] [restartedMain] com.spring.demo.DemoApplication          : Starting DemoApplication using Java 17.0.20.1 with PID 25128 (C:\Users\EthanWilson\Git_Repos\demo\target\classes started by EthanWilson in C:\Users\EthanWilson\Git_Repos\demo)
2026-09-29T09:48:03.646-05:00  INFO 25128 --- [demo] [restartedMain] com.spring.demo.DemoApplication          : No active profile set, falling back to 1 default profile: "default"
2026-09-29T09:48:03.667-05:00  WARN 25128 --- [demo] [restartedMain] ConfigServletWebServerApplicationContext : Exception encountered during context initialization - cancelling refresh attempt: org.springframework.context.ApplicationContextException: Unable to start web server
2026-09-29T09:48:03.676-05:00 ERROR 25128 --- [demo] [restartedMain] o.s.b.d.LoggingFailureAnalysisReporter   : 

***************************
APPLICATION FAILED TO START
***************************

Description:

Web application could not be started as there was no org.springframework.boot.web.server.servlet.ServletWebServerFactory bean defined in the context.

Action:

Check your application's dependencies for a supported servlet web server.
Check the configured web application type.

2026-09-29T09:49:00.324-05:00  INFO 25128 --- [demo] [restartedMain] com.spring.demo.DemoApplication          : Starting DemoApplication using Java 17.0.20.1 with PID 25128 (C:\Users\EthanWilson\Git_Repos\demo\target\classes started by EthanWilson in C:\Users\EthanWilson\Git_Repos\demo)
2026-09-29T09:49:00.326-05:00  INFO 25128 --- [demo] [restartedMain] com.spring.demo.DemoApplication          : No active profile set, falling back to 1 default profile: "default"
2026-09-29T09:49:00.329-05:00  WARN 25128 --- [demo] [restartedMain] ConfigServletWebServerApplicationContext : Exception encountered during context initialization - cancelling refresh attempt: org.springframework.context.ApplicationContextException: Unable to start web server
2026-09-29T09:49:00.334-05:00 ERROR 25128 --- [demo] [restartedMain] o.s.b.d.LoggingFailureAnalysisReporter   : 

***************************
APPLICATION FAILED TO START
***************************

Description:

Web application could not be started as there was no org.springframework.boot.web.server.servlet.ServletWebServerFactory bean defined in the context.

Action:

Check your application's dependencies for a supported servlet web server.
Check the configured web application type.

2026-09-29T09:49:04.977-05:00  INFO 25128 --- [demo] [restartedMain] com.spring.demo.DemoApplication          : Starting DemoApplication using Java 17.0.20.1 with PID 25128 (C:\Users\EthanWilson\Git_Repos\demo\target\classes started by EthanWilson in C:\Users\EthanWilson\Git_Repos\demo)
2026-09-29T09:49:04.982-05:00  INFO 25128 --- [demo] [restartedMain] com.spring.demo.DemoApplication          : No active profile set, falling back to 1 default profile: "default"
2026-09-29T09:49:04.986-05:00  WARN 25128 --- [demo] [restartedMain] ConfigServletWebServerApplicationContext : Exception encountered during context initialization - cancelling refresh attempt: org.springframework.context.ApplicationContextException: Unable to start web server
2026-09-29T09:49:04.992-05:00 ERROR 25128 --- [demo] [restartedMain] o.s.b.d.LoggingFailureAnalysisReporter   : 

***************************
APPLICATION FAILED TO START
***************************

Description:

Web application could not be started as there was no org.springframework.boot.web.server.servlet.ServletWebServerFactory bean defined in the context.

Action:

Check your application's dependencies for a supported servlet web server.
Check the configured web application type.

2026-09-29T10:11:04.644-05:00  INFO 25128 --- [demo] [restartedMain] com.spring.demo.DemoApplication          : Starting DemoApplication using Java 17.0.20.1 with PID 25128 (C:\Users\EthanWilson\Git_Repos\demo\target\classes started by EthanWilson in C:\Users\EthanWilson\Git_Repos\demo)
2026-09-29T10:11:04.645-05:00  INFO 25128 --- [demo] [restartedMain] com.spring.demo.DemoApplication          : No active profile set, falling back to 1 default profile: "default"
2026-09-29T10:11:04.650-05:00  WARN 25128 --- [demo] [restartedMain] ConfigServletWebServerApplicationContext : Exception encountered during context initialization - cancelling refresh attempt: org.springframework.context.ApplicationContextException: Unable to start web server
2026-09-29T10:11:04.660-05:00 ERROR 25128 --- [demo] [restartedMain] o.s.b.d.LoggingFailureAnalysisReporter   : 

***************************
APPLICATION FAILED TO START
***************************

Description:

Web application could not be started as there was no org.springframework.boot.web.server.servlet.ServletWebServerFactory bean defined in the context.

Action:

Check your application's dependencies for a supported servlet web server.
Check the configured web application type.

2026-09-29T10:11:07.243-05:00  INFO 25128 --- [demo] [restartedMain] com.spring.demo.DemoApplication          : Starting DemoApplication using Java 17.0.20.1 with PID 25128 (C:\Users\EthanWilson\Git_Repos\demo\target\classes started by EthanWilson in C:\Users\EthanWilson\Git_Repos\demo)
2026-09-29T10:11:07.251-05:00  INFO 25128 --- [demo] [restartedMain] com.spring.demo.DemoApplication          : No active profile set, falling back to 1 default profile: "default"
2026-09-29T10:11:07.259-05:00  WARN 25128 --- [demo] [restartedMain] ConfigServletWebServerApplicationContext : Exception encountered during context initialization - cancelling refresh attempt: org.springframework.context.ApplicationContextException: Unable to start web server
2026-09-29T10:11:07.261-05:00 ERROR 25128 --- [demo] [restartedMain] o.s.b.d.LoggingFailureAnalysisReporter   : 

***************************
APPLICATION FAILED TO START
***************************

Description:

Web application could not be started as there was no org.springframework.boot.web.server.servlet.ServletWebServerFactory bean defined in the context.

Action:

Check your application's dependencies for a supported servlet web server.
Check the configured web application type.

2026-09-29T10:11:08.732-05:00  INFO 25128 --- [demo] [restartedMain] com.spring.demo.DemoApplication          : Starting DemoApplication using Java 17.0.20.1 with PID 25128 (C:\Users\EthanWilson\Git_Repos\demo\target\classes started by EthanWilson in C:\Users\EthanWilson\Git_Repos\demo)
2026-09-29T10:11:08.733-05:00  INFO 25128 --- [demo] [restartedMain] com.spring.demo.DemoApplication          : No active profile set, falling back to 1 default profile: "default"
2026-09-29T10:11:08.741-05:00  WARN 25128 --- [demo] [restartedMain] ConfigServletWebServerApplicationContext : Exception encountered during context initialization - cancelling refresh attempt: org.springframework.context.ApplicationContextException: Unable to start web server
2026-09-29T10:11:08.748-05:00 ERROR 25128 --- [demo] [restartedMain] o.s.b.d.LoggingFailureAnalysisReporter   : 

***************************
APPLICATION FAILED TO START
***************************

Description:

Web application could not be started as there was no org.springframework.boot.web.server.servlet.ServletWebServerFactory bean defined in the context.

Action:

Check your application's dependencies for a supported servlet web server.
Check the configured web application type.

2026-09-29T10:11:12.485-05:00  INFO 25128 --- [demo] [restartedMain] com.spring.demo.DemoApplication          : Starting DemoApplication using Java 17.0.20.1 with PID 25128 (C:\Users\EthanWilson\Git_Repos\demo\target\classes started by EthanWilson in C:\Users\EthanWilson\Git_Repos\demo)
2026-09-29T10:11:12.493-05:00  INFO 25128 --- [demo] [restartedMain] com.spring.demo.DemoApplication          : No active profile set, falling back to 1 default profile: "default"
2026-09-29T10:11:12.546-05:00  WARN 25128 --- [demo] [restartedMain] ConfigServletWebServerApplicationContext : Exception encountered during context initialization - cancelling refresh attempt: org.springframework.context.ApplicationContextException: Unable to start web server
2026-09-29T10:11:12.602-05:00 ERROR 25128 --- [demo] [restartedMain] o.s.b.d.LoggingFailureAnalysisReporter   : 

***************************
APPLICATION FAILED TO START
***************************

Description:

Web application could not be started as there was no org.springframework.boot.web.server.servlet.ServletWebServerFactory bean defined in the context.

Action:

Check your application's dependencies for a supported servlet web server.
Check the configured web application type.

2026-09-29T10:11:15.202-05:00  INFO 25128 --- [demo] [restartedMain] com.spring.demo.DemoApplication          : Starting DemoApplication using Java 17.0.20.1 with PID 25128 (C:\Users\EthanWilson\Git_Repos\demo\target\classes started by EthanWilson in C:\Users\EthanWilson\Git_Repos\demo)
2026-09-29T10:11:15.203-05:00  INFO 25128 --- [demo] [restartedMain] com.spring.demo.DemoApplication          : No active profile set, falling back to 1 default profile: "default"
2026-09-29T10:11:15.209-05:00  WARN 25128 --- [demo] [restartedMain] ConfigServletWebServerApplicationContext : Exception encountered during context initialization - cancelling refresh attempt: org.springframework.context.ApplicationContextException: Unable to start web server
2026-09-29T10:11:15.230-05:00 ERROR 25128 --- [demo] [restartedMain] o.s.b.d.LoggingFailureAnalysisReporter   : 

***************************
APPLICATION FAILED TO START
***************************

Description:

Web application could not be started as there was no org.springframework.boot.web.server.servlet.ServletWebServerFactory bean defined in the context.

Action:

Check your application's dependencies for a supported servlet web server.
Check the configured web application type.

2026-09-29T10:11:29.031-05:00  INFO 25128 --- [demo] [restartedMain] com.spring.demo.DemoApplication          : Starting DemoApplication using Java 17.0.20.1 with PID 25128 (C:\Users\EthanWilson\Git_Repos\demo\target\classes started by EthanWilson in C:\Users\EthanWilson\Git_Repos\demo)
2026-09-29T10:11:29.032-05:00  INFO 25128 --- [demo] [restartedMain] com.spring.demo.DemoApplication          : No active profile set, falling back to 1 default profile: "default"
2026-09-29T10:11:29.037-05:00  WARN 25128 --- [demo] [restartedMain] ConfigServletWebServerApplicationContext : Exception encountered during context initialization - cancelling refresh attempt: org.springframework.context.ApplicationContextException: Unable to start web server
2026-09-29T10:11:29.043-05:00 ERROR 25128 --- [demo] [restartedMain] o.s.b.d.LoggingFailureAnalysisReporter   : 

***************************
APPLICATION FAILED TO START
***************************

Description:

Web application could not be started as there was no org.springframework.boot.web.server.servlet.ServletWebServerFactory bean defined in the context.

Action:

Check your application's dependencies for a supported servlet web server.
Check the configured web application type.

2026-09-29T10:11:30.548-05:00  INFO 25128 --- [demo] [restartedMain] com.spring.demo.DemoApplication          : Starting DemoApplication using Java 17.0.20.1 with PID 25128 (C:\Users\EthanWilson\Git_Repos\demo\target\classes started by EthanWilson in C:\Users\EthanWilson\Git_Repos\demo)
2026-09-29T10:11:30.548-05:00  INFO 25128 --- [demo] [restartedMain] com.spring.demo.DemoApplication          : No active profile set, falling back to 1 default profile: "default"
2026-09-29T10:11:30.556-05:00  WARN 25128 --- [demo] [restartedMain] ConfigServletWebServerApplicationContext : Exception encountered during context initialization - cancelling refresh attempt: org.springframework.context.ApplicationContextException: Unable to start web server
2026-09-29T10:11:30.562-05:00 ERROR 25128 --- [demo] [restartedMain] o.s.b.d.LoggingFailureAnalysisReporter   : 

***************************
APPLICATION FAILED TO START
***************************

Description:

Web application could not be started as there was no org.springframework.boot.web.server.servlet.ServletWebServerFactory bean defined in the context.

Action:

Check your application's dependencies for a supported servlet web server.
Check the configured web application type.

2026-09-29T10:11:35.126-05:00  INFO 25128 --- [demo] [restartedMain] com.spring.demo.DemoApplication          : Starting DemoApplication using Java 17.0.20.1 with PID 25128 (C:\Users\EthanWilson\Git_Repos\demo\target\classes started by EthanWilson in C:\Users\EthanWilson\Git_Repos\demo)
2026-09-29T10:11:35.127-05:00  INFO 25128 --- [demo] [restartedMain] com.spring.demo.DemoApplication          : No active profile set, falling back to 1 default profile: "default"
2026-09-29T10:11:35.129-05:00  WARN 25128 --- [demo] [restartedMain] ConfigServletWebServerApplicationContext : Exception encountered during context initialization - cancelling refresh attempt: org.springframework.context.ApplicationContextException: Unable to start web server
2026-09-29T10:11:35.134-05:00 ERROR 25128 --- [demo] [restartedMain] o.s.b.d.LoggingFailureAnalysisReporter   : 

***************************
APPLICATION FAILED TO START
***************************

Description:

Web application could not be started as there was no org.springframework.boot.web.server.servlet.ServletWebServerFactory bean defined in the context.

Action:

Check your application's dependencies for a supported servlet web server.
Check the configured web application type.

2026-09-29T10:11:55.096-05:00  INFO 25128 --- [demo] [restartedMain] com.spring.demo.DemoApplication          : Starting DemoApplication using Java 17.0.20.1 with PID 25128 (C:\Users\EthanWilson\Git_Repos\demo\target\classes started by EthanWilson in C:\Users\EthanWilson\Git_Repos\demo)
2026-09-29T10:11:55.099-05:00  INFO 25128 --- [demo] [restartedMain] com.spring.demo.DemoApplication          : No active profile set, falling back to 1 default profile: "default"
2026-09-29T10:11:55.112-05:00  WARN 25128 --- [demo] [restartedMain] ConfigServletWebServerApplicationContext : Exception encountered during context initialization - cancelling refresh attempt: org.springframework.context.ApplicationContextException: Unable to start web server
2026-09-29T10:11:55.135-05:00 ERROR 25128 --- [demo] [restartedMain] o.s.b.d.LoggingFailureAnalysisReporter   : 

***************************
APPLICATION FAILED TO START
***************************

Description:

Web application could not be started as there was no org.springframework.boot.web.server.servlet.ServletWebServerFactory bean defined in the context.

Action:

Check your application's dependencies for a supported servlet web server.
Check the configured web application type.

2026-09-29T10:12:00.759-05:00  INFO 25128 --- [demo] [restartedMain] com.spring.demo.DemoApplication          : Starting DemoApplication using Java 17.0.20.1 with PID 25128 (C:\Users\EthanWilson\Git_Repos\demo\target\classes started by EthanWilson in C:\Users\EthanWilson\Git_Repos\demo)
2026-09-29T10:12:00.760-05:00  INFO 25128 --- [demo] [restartedMain] com.spring.demo.DemoApplication          : No active profile set, falling back to 1 default profile: "default"
2026-09-29T10:12:00.762-05:00  WARN 25128 --- [demo] [restartedMain] ConfigServletWebServerApplicationContext : Exception encountered during context initialization - cancelling refresh attempt: org.springframework.context.ApplicationContextException: Unable to start web server
2026-09-29T10:12:00.764-05:00 ERROR 25128 --- [demo] [restartedMain] o.s.b.d.LoggingFailureAnalysisReporter   : 

***************************
APPLICATION FAILED TO START
***************************

Description:

Web application could not be started as there was no org.springframework.boot.web.server.servlet.ServletWebServerFactory bean defined in the context.

Action:

Check your application's dependencies for a supported servlet web server.
Check the configured web application type.

2026-09-29T10:12:03.321-05:00  INFO 25128 --- [demo] [restartedMain] com.spring.demo.DemoApplication          : Starting DemoApplication using Java 17.0.20.1 with PID 25128 (C:\Users\EthanWilson\Git_Repos\demo\target\classes started by EthanWilson in C:\Users\EthanWilson\Git_Repos\demo)
2026-09-29T10:12:03.327-05:00  INFO 25128 --- [demo] [restartedMain] com.spring.demo.DemoApplication          : No active profile set, falling back to 1 default profile: "default"
2026-09-29T10:12:03.339-05:00  WARN 25128 --- [demo] [restartedMain] ConfigServletWebServerApplicationContext : Exception encountered during context initialization - cancelling refresh attempt: org.springframework.context.ApplicationContextException: Unable to start web server
2026-09-29T10:12:03.363-05:00 ERROR 25128 --- [demo] [restartedMain] o.s.b.d.LoggingFailureAnalysisReporter   : 

***************************
APPLICATION FAILED TO START
***************************

Description:

Web application could not be started as there was no org.springframework.boot.web.server.servlet.ServletWebServerFactory bean defined in the context.

Action:

Check your application's dependencies for a supported servlet web server.
Check the configured web application type.

2026-09-29T10:12:12.082-05:00  INFO 25128 --- [demo] [restartedMain] com.spring.demo.DemoApplication          : Starting DemoApplication using Java 17.0.20.1 with PID 25128 (C:\Users\EthanWilson\Git_Repos\demo\target\classes started by EthanWilson in C:\Users\EthanWilson\Git_Repos\demo)
2026-09-29T10:12:12.083-05:00  INFO 25128 --- [demo] [restartedMain] com.spring.demo.DemoApplication          : No active profile set, falling back to 1 default profile: "default"
2026-09-29T10:12:12.086-05:00  WARN 25128 --- [demo] [restartedMain] ConfigServletWebServerApplicationContext : Exception encountered during context initialization - cancelling refresh attempt: org.springframework.context.ApplicationContextException: Unable to start web server
2026-09-29T10:12:12.092-05:00 ERROR 25128 --- [demo] [restartedMain] o.s.b.d.LoggingFailureAnalysisReporter   : 

***************************
APPLICATION FAILED TO START
***************************

Description:

Web application could not be started as there was no org.springframework.boot.web.server.servlet.ServletWebServerFactory bean defined in the context.

Action:

Check your application's dependencies for a supported servlet web server.
Check the configured web application type.

2026-09-29T10:12:14.619-05:00  INFO 25128 --- [demo] [restartedMain] com.spring.demo.DemoApplication          : Starting DemoApplication using Java 17.0.20.1 with PID 25128 (C:\Users\EthanWilson\Git_Repos\demo\target\classes started by EthanWilson in C:\Users\EthanWilson\Git_Repos\demo)
2026-09-29T10:12:14.622-05:00  INFO 25128 --- [demo] [restartedMain] com.spring.demo.DemoApplication          : No active profile set, falling back to 1 default profile: "default"
2026-09-29T10:12:14.632-05:00  WARN 25128 --- [demo] [restartedMain] ConfigServletWebServerApplicationContext : Exception encountered during context initialization - cancelling refresh attempt: org.springframework.context.ApplicationContextException: Unable to start web server
2026-09-29T10:12:14.646-05:00 ERROR 25128 --- [demo] [restartedMain] o.s.b.d.LoggingFailureAnalysisReporter   : 

***************************
APPLICATION FAILED TO START
***************************

Description:

Web application could not be started as there was no org.springframework.boot.web.server.servlet.ServletWebServerFactory bean defined in the context.

Action:

Check your application's dependencies for a supported servlet web server.
Check the configured web application type.

2026-09-29T10:12:25.976-05:00  INFO 25128 --- [demo] [restartedMain] com.spring.demo.DemoApplication          : Starting DemoApplication using Java 17.0.20.1 with PID 25128 (C:\Users\EthanWilson\Git_Repos\demo\target\classes started by EthanWilson in C:\Users\EthanWilson\Git_Repos\demo)
2026-09-29T10:12:25.978-05:00  INFO 25128 --- [demo] [restartedMain] com.spring.demo.DemoApplication          : No active profile set, falling back to 1 default profile: "default"
2026-09-29T10:12:25.988-05:00  WARN 25128 --- [demo] [restartedMain] ConfigServletWebServerApplicationContext : Exception encountered during context initialization - cancelling refresh attempt: org.springframework.context.ApplicationContextException: Unable to start web server
2026-09-29T10:12:26.011-05:00 ERROR 25128 --- [demo] [restartedMain] o.s.b.d.LoggingFailureAnalysisReporter   : 

***************************
APPLICATION FAILED TO START
***************************

Description:

Web application could not be started as there was no org.springframework.boot.web.server.servlet.ServletWebServerFactory bean defined in the context.

Action:

Check your application's dependencies for a supported servlet web server.
Check the configured web application type.

2026-09-29T10:12:30.709-05:00  INFO 25128 --- [demo] [restartedMain] com.spring.demo.DemoApplication          : Starting DemoApplication using Java 17.0.20.1 with PID 25128 (C:\Users\EthanWilson\Git_Repos\demo\target\classes started by EthanWilson in C:\Users\EthanWilson\Git_Repos\demo)
2026-09-29T10:12:30.720-05:00  INFO 25128 --- [demo] [restartedMain] com.spring.demo.DemoApplication          : No active profile set, falling back to 1 default profile: "default"
2026-09-29T10:12:30.743-05:00  WARN 25128 --- [demo] [restartedMain] ConfigServletWebServerApplicationContext : Exception encountered during context initialization - cancelling refresh attempt: org.springframework.context.ApplicationContextException: Unable to start web server
2026-09-29T10:12:30.805-05:00 ERROR 25128 --- [demo] [restartedMain] o.s.b.d.LoggingFailureAnalysisReporter   : 

***************************
APPLICATION FAILED TO START
***************************

Description:

Web application could not be started as there was no org.springframework.boot.web.server.servlet.ServletWebServerFactory bean defined in the context.

Action:

Check your application's dependencies for a supported servlet web server.
Check the configured web application type.

2026-09-29T10:12:32.447-05:00  INFO 25128 --- [demo] [restartedMain] com.spring.demo.DemoApplication          : Starting DemoApplication using Java 17.0.20.1 with PID 25128 (C:\Users\EthanWilson\Git_Repos\demo\target\classes started by EthanWilson in C:\Users\EthanWilson\Git_Repos\demo)
2026-09-29T10:12:32.448-05:00  INFO 25128 --- [demo] [restartedMain] com.spring.demo.DemoApplication          : No active profile set, falling back to 1 default profile: "default"
2026-09-29T10:12:32.451-05:00  WARN 25128 --- [demo] [restartedMain] ConfigServletWebServerApplicationContext : Exception encountered during context initialization - cancelling refresh attempt: org.springframework.context.ApplicationContextException: Unable to start web server
2026-09-29T10:12:32.473-05:00 ERROR 25128 --- [demo] [restartedMain] o.s.b.d.LoggingFailureAnalysisReporter   : 

***************************
APPLICATION FAILED TO START
***************************

Description:

Web application could not be started as there was no org.springframework.boot.web.server.servlet.ServletWebServerFactory bean defined in the context.

Action:

Check your application's dependencies for a supported servlet web server.
Check the configured web application type.

2026-09-29T10:12:35.008-05:00  INFO 25128 --- [demo] [restartedMain] com.spring.demo.DemoApplication          : Starting DemoApplication using Java 17.0.20.1 with PID 25128 (C:\Users\EthanWilson\Git_Repos\demo\target\classes started by EthanWilson in C:\Users\EthanWilson\Git_Repos\demo)
2026-09-29T10:12:35.010-05:00  INFO 25128 --- [demo] [restartedMain] com.spring.demo.DemoApplication          : No active profile set, falling back to 1 default profile: "default"
2026-09-29T10:12:35.023-05:00  WARN 25128 --- [demo] [restartedMain] ConfigServletWebServerApplicationContext : Exception encountered during context initialization - cancelling refresh attempt: org.springframework.context.ApplicationContextException: Unable to start web server
2026-09-29T10:12:35.070-05:00 ERROR 25128 --- [demo] [restartedMain] o.s.b.d.LoggingFailureAnalysisReporter   : 

***************************
APPLICATION FAILED TO START
***************************

Description:

Web application could not be started as there was no org.springframework.boot.web.server.servlet.ServletWebServerFactory bean defined in the context.

Action:

Check your application's dependencies for a supported servlet web server.
Check the configured web application type.

2026-09-29T10:12:37.679-05:00  INFO 25128 --- [demo] [restartedMain] com.spring.demo.DemoApplication          : Starting DemoApplication using Java 17.0.20.1 with PID 25128 (C:\Users\EthanWilson\Git_Repos\demo\target\classes started by EthanWilson in C:\Users\EthanWilson\Git_Repos\demo)
2026-09-29T10:12:37.688-05:00  INFO 25128 --- [demo] [restartedMain] com.spring.demo.DemoApplication          : No active profile set, falling back to 1 default profile: "default"
2026-09-29T10:12:37.718-05:00  WARN 25128 --- [demo] [restartedMain] ConfigServletWebServerApplicationContext : Exception encountered during context initialization - cancelling refresh attempt: org.springframework.context.ApplicationContextException: Unable to start web server
2026-09-29T10:12:37.744-05:00 ERROR 25128 --- [demo] [restartedMain] o.s.b.d.LoggingFailureAnalysisReporter   : 

***************************
APPLICATION FAILED TO START
***************************

Description:

Web application could not be started as there was no org.springframework.boot.web.server.servlet.ServletWebServerFactory bean defined in the context.

Action:

Check your application's dependencies for a supported servlet web server.
Check the configured web application type.

2026-09-29T10:12:58.733-05:00  INFO 25128 --- [demo] [restartedMain] com.spring.demo.DemoApplication          : Starting DemoApplication using Java 17.0.20.1 with PID 25128 (C:\Users\EthanWilson\Git_Repos\demo\target\classes started by EthanWilson in C:\Users\EthanWilson\Git_Repos\demo)
2026-09-29T10:12:58.740-05:00  INFO 25128 --- [demo] [restartedMain] com.spring.demo.DemoApplication          : No active profile set, falling back to 1 default profile: "default"
2026-09-29T10:12:58.747-05:00  WARN 25128 --- [demo] [restartedMain] ConfigServletWebServerApplicationContext : Exception encountered during context initialization - cancelling refresh attempt: org.springframework.context.ApplicationContextException: Unable to start web server
2026-09-29T10:12:58.755-05:00 ERROR 25128 --- [demo] [restartedMain] o.s.b.d.LoggingFailureAnalysisReporter   : 

***************************
APPLICATION FAILED TO START
***************************

Description:

Web application could not be started as there was no org.springframework.boot.web.server.servlet.ServletWebServerFactory bean defined in the context.

Action:

Check your application's dependencies for a supported servlet web server.
Check the configured web application type.

2026-09-29T10:13:04.202-05:00  INFO 25128 --- [demo] [restartedMain] com.spring.demo.DemoApplication          : Starting DemoApplication using Java 17.0.20.1 with PID 25128 (C:\Users\EthanWilson\Git_Repos\demo\target\classes started by EthanWilson in C:\Users\EthanWilson\Git_Repos\demo)
2026-09-29T10:13:04.246-05:00  INFO 25128 --- [demo] [restartedMain] com.spring.demo.DemoApplication          : No active profile set, falling back to 1 default profile: "default"
2026-09-29T10:13:04.313-05:00  WARN 25128 --- [demo] [restartedMain] ConfigServletWebServerApplicationContext : Exception encountered during context initialization - cancelling refresh attempt: org.springframework.context.ApplicationContextException: Unable to start web server
2026-09-29T10:13:04.422-05:00 ERROR 25128 --- [demo] [restartedMain] o.s.b.d.LoggingFailureAnalysisReporter   : 

***************************
APPLICATION FAILED TO START
***************************

Description:

Web application could not be started as there was no org.springframework.boot.web.server.servlet.ServletWebServerFactory bean defined in the context.

Action:

Check your application's dependencies for a supported servlet web server.
Check the configured web application type.

2026-09-29T10:13:07.200-05:00  INFO 25128 --- [demo] [restartedMain] com.spring.demo.DemoApplication          : Starting DemoApplication using Java 17.0.20.1 with PID 25128 (C:\Users\EthanWilson\Git_Repos\demo\target\classes started by EthanWilson in C:\Users\EthanWilson\Git_Repos\demo)
2026-09-29T10:13:07.357-05:00  INFO 25128 --- [demo] [restartedMain] com.spring.demo.DemoApplication          : No active profile set, falling back to 1 default profile: "default"
2026-09-29T10:13:07.427-05:00  WARN 25128 --- [demo] [restartedMain] ConfigServletWebServerApplicationContext : Exception encountered during context initialization - cancelling refresh attempt: org.springframework.context.ApplicationContextException: Unable to start web server
2026-09-29T10:13:07.437-05:00 ERROR 25128 --- [demo] [restartedMain] o.s.b.d.LoggingFailureAnalysisReporter   : 

***************************
APPLICATION FAILED TO START
***************************

Description:

Web application could not be started as there was no org.springframework.boot.web.server.servlet.ServletWebServerFactory bean defined in the context.

Action:

Check your application's dependencies for a supported servlet web server.
Check the configured web application type.

2026-09-29T10:13:15.327-05:00  INFO 25128 --- [demo] [restartedMain] com.spring.demo.DemoApplication          : Starting DemoApplication using Java 17.0.20.1 with PID 25128 (C:\Users\EthanWilson\Git_Repos\demo\target\classes started by EthanWilson in C:\Users\EthanWilson\Git_Repos\demo)
2026-09-29T10:13:15.327-05:00  INFO 25128 --- [demo] [restartedMain] com.spring.demo.DemoApplication          : No active profile set, falling back to 1 default profile: "default"
2026-09-29T10:13:15.331-05:00  WARN 25128 --- [demo] [restartedMain] ConfigServletWebServerApplicationContext : Exception encountered during context initialization - cancelling refresh attempt: org.springframework.context.ApplicationContextException: Unable to start web server
2026-09-29T10:13:15.355-05:00 ERROR 25128 --- [demo] [restartedMain] o.s.b.d.LoggingFailureAnalysisReporter   : 

***************************
APPLICATION FAILED TO START
***************************

Description:

Web application could not be started as there was no org.springframework.boot.web.server.servlet.ServletWebServerFactory bean defined in the context.

Action:

Check your application's dependencies for a supported servlet web server.
Check the configured web application type.

2026-09-29T10:13:16.965-05:00  INFO 25128 --- [demo] [restartedMain] com.spring.demo.DemoApplication          : Starting DemoApplication using Java 17.0.20.1 with PID 25128 (C:\Users\EthanWilson\Git_Repos\demo\target\classes started by EthanWilson in C:\Users\EthanWilson\Git_Repos\demo)
2026-09-29T10:13:16.967-05:00  INFO 25128 --- [demo] [restartedMain] com.spring.demo.DemoApplication          : No active profile set, falling back to 1 default profile: "default"
2026-09-29T10:13:16.982-05:00  WARN 25128 --- [demo] [restartedMain] ConfigServletWebServerApplicationContext : Exception encountered during context initialization - cancelling refresh attempt: org.springframework.context.ApplicationContextException: Unable to start web server
2026-09-29T10:13:16.999-05:00 ERROR 25128 --- [demo] [restartedMain] o.s.b.d.LoggingFailureAnalysisReporter   : 

***************************
APPLICATION FAILED TO START
***************************

Description:

Web application could not be started as there was no org.springframework.boot.web.server.servlet.ServletWebServerFactory bean defined in the context.

Action:

Check your application's dependencies for a supported servlet web server.
Check the configured web application type.

2026-09-29T10:13:21.754-05:00  INFO 25128 --- [demo] [restartedMain] com.spring.demo.DemoApplication          : Starting DemoApplication using Java 17.0.20.1 with PID 25128 (C:\Users\EthanWilson\Git_Repos\demo\target\classes started by EthanWilson in C:\Users\EthanWilson\Git_Repos\demo)
2026-09-29T10:13:21.759-05:00  INFO 25128 --- [demo] [restartedMain] com.spring.demo.DemoApplication          : No active profile set, falling back to 1 default profile: "default"
2026-09-29T10:13:21.764-05:00  WARN 25128 --- [demo] [restartedMain] ConfigServletWebServerApplicationContext : Exception encountered during context initialization - cancelling refresh attempt: org.springframework.context.ApplicationContextException: Unable to start web server
2026-09-29T10:13:21.770-05:00 ERROR 25128 --- [demo] [restartedMain] o.s.b.d.LoggingFailureAnalysisReporter   : 

***************************
APPLICATION FAILED TO START
***************************

Description:

Web application could not be started as there was no org.springframework.boot.web.server.servlet.ServletWebServerFactory bean defined in the context.

Action:

Check your application's dependencies for a supported servlet web server.
Check the configured web application type.

2026-09-29T10:13:24.504-05:00  INFO 25128 --- [demo] [restartedMain] com.spring.demo.DemoApplication          : Starting DemoApplication using Java 17.0.20.1 with PID 25128 (C:\Users\EthanWilson\Git_Repos\demo\target\classes started by EthanWilson in C:\Users\EthanWilson\Git_Repos\demo)
2026-09-29T10:13:24.508-05:00  INFO 25128 --- [demo] [restartedMain] com.spring.demo.DemoApplication          : No active profile set, falling back to 1 default profile: "default"
2026-09-29T10:13:24.529-05:00  WARN 25128 --- [demo] [restartedMain] ConfigServletWebServerApplicationContext : Exception encountered during context initialization - cancelling refresh attempt: org.springframework.context.ApplicationContextException: Unable to start web server
2026-09-29T10:13:24.566-05:00 ERROR 25128 --- [demo] [restartedMain] o.s.b.d.LoggingFailureAnalysisReporter   : 

***************************
APPLICATION FAILED TO START
***************************

Description:

Web application could not be started as there was no org.springframework.boot.web.server.servlet.ServletWebServerFactory bean defined in the context.

Action:

Check your application's dependencies for a supported servlet web server.
Check the configured web application type.

2026-09-29T10:13:27.079-05:00  INFO 25128 --- [demo] [restartedMain] com.spring.demo.DemoApplication          : Starting DemoApplication using Java 17.0.20.1 with PID 25128 (C:\Users\EthanWilson\Git_Repos\demo\target\classes started by EthanWilson in C:\Users\EthanWilson\Git_Repos\demo)
2026-09-29T10:13:27.079-05:00  INFO 25128 --- [demo] [restartedMain] com.spring.demo.DemoApplication          : No active profile set, falling back to 1 default profile: "default"
2026-09-29T10:13:27.083-05:00  WARN 25128 --- [demo] [restartedMain] ConfigServletWebServerApplicationContext : Exception encountered during context initialization - cancelling refresh attempt: org.springframework.context.ApplicationContextException: Unable to start web server
2026-09-29T10:13:27.088-05:00 ERROR 25128 --- [demo] [restartedMain] o.s.b.d.LoggingFailureAnalysisReporter   : 

***************************
APPLICATION FAILED TO START
***************************

Description:

Web application could not be started as there was no org.springframework.boot.web.server.servlet.ServletWebServerFactory bean defined in the context.

Action:

Check your application's dependencies for a supported servlet web server.
Check the configured web application type.

2026-09-29T10:13:28.619-05:00  INFO 25128 --- [demo] [restartedMain] com.spring.demo.DemoApplication          : Starting DemoApplication using Java 17.0.20.1 with PID 25128 (C:\Users\EthanWilson\Git_Repos\demo\target\classes started by EthanWilson in C:\Users\EthanWilson\Git_Repos\demo)
2026-09-29T10:13:28.619-05:00  INFO 25128 --- [demo] [restartedMain] com.spring.demo.DemoApplication          : No active profile set, falling back to 1 default profile: "default"
2026-09-29T10:13:28.628-05:00  WARN 25128 --- [demo] [restartedMain] ConfigServletWebServerApplicationContext : Exception encountered during context initialization - cancelling refresh attempt: org.springframework.context.ApplicationContextException: Unable to start web server
2026-09-29T10:13:28.638-05:00 ERROR 25128 --- [demo] [restartedMain] o.s.b.d.LoggingFailureAnalysisReporter   : 

***************************
APPLICATION FAILED TO START
***************************

Description:

Web application could not be started as there was no org.springframework.boot.web.server.servlet.ServletWebServerFactory bean defined in the context.

Action:

Check your application's dependencies for a supported servlet web server.
Check the configured web application type.

2026-09-29T10:13:34.369-05:00  INFO 25128 --- [demo] [restartedMain] com.spring.demo.DemoApplication          : Starting DemoApplication using Java 17.0.20.1 with PID 25128 (C:\Users\EthanWilson\Git_Repos\demo\target\classes started by EthanWilson in C:\Users\EthanWilson\Git_Repos\demo)
2026-09-29T10:13:34.369-05:00  INFO 25128 --- [demo] [restartedMain] com.spring.demo.DemoApplication          : No active profile set, falling back to 1 default profile: "default"
2026-09-29T10:13:34.376-05:00  WARN 25128 --- [demo] [restartedMain] ConfigServletWebServerApplicationContext : Exception encountered during context initialization - cancelling refresh attempt: org.springframework.context.ApplicationContextException: Unable to start web server
2026-09-29T10:13:34.382-05:00 ERROR 25128 --- [demo] [restartedMain] o.s.b.d.LoggingFailureAnalysisReporter   : 

***************************
APPLICATION FAILED TO START
***************************

Description:

Web application could not be started as there was no org.springframework.boot.web.server.servlet.ServletWebServerFactory bean defined in the context.

Action:

Check your application's dependencies for a supported servlet web server.
Check the configured web application type.

2026-09-29T10:13:40.142-05:00  INFO 25128 --- [demo] [restartedMain] com.spring.demo.DemoApplication          : Starting DemoApplication using Java 17.0.20.1 with PID 25128 (C:\Users\EthanWilson\Git_Repos\demo\target\classes started by EthanWilson in C:\Users\EthanWilson\Git_Repos\demo)
2026-09-29T10:13:40.143-05:00  INFO 25128 --- [demo] [restartedMain] com.spring.demo.DemoApplication          : No active profile set, falling back to 1 default profile: "default"
2026-09-29T10:13:40.155-05:00  WARN 25128 --- [demo] [restartedMain] ConfigServletWebServerApplicationContext : Exception encountered during context initialization - cancelling refresh attempt: org.springframework.context.ApplicationContextException: Unable to start web server
2026-09-29T10:13:40.176-05:00 ERROR 25128 --- [demo] [restartedMain] o.s.b.d.LoggingFailureAnalysisReporter   : 

***************************
APPLICATION FAILED TO START
***************************

Description:

Web application could not be started as there was no org.springframework.boot.web.server.servlet.ServletWebServerFactory bean defined in the context.

Action:

Check your application's dependencies for a supported servlet web server.
Check the configured web application type.

2026-09-29T10:13:42.024-05:00  INFO 25128 --- [demo] [restartedMain] com.spring.demo.DemoApplication          : Starting DemoApplication using Java 17.0.20.1 with PID 25128 (C:\Users\EthanWilson\Git_Repos\demo\target\classes started by EthanWilson in C:\Users\EthanWilson\Git_Repos\demo)
2026-09-29T10:13:42.026-05:00  INFO 25128 --- [demo] [restartedMain] com.spring.demo.DemoApplication          : No active profile set, falling back to 1 default profile: "default"
2026-09-29T10:13:42.034-05:00  WARN 25128 --- [demo] [restartedMain] ConfigServletWebServerApplicationContext : Exception encountered during context initialization - cancelling refresh attempt: org.springframework.context.ApplicationContextException: Unable to start web server
2026-09-29T10:13:42.070-05:00 ERROR 25128 --- [demo] [restartedMain] o.s.b.d.LoggingFailureAnalysisReporter   : 

***************************
APPLICATION FAILED TO START
***************************

Description:

Web application could not be started as there was no org.springframework.boot.web.server.servlet.ServletWebServerFactory bean defined in the context.

Action:

Check your application's dependencies for a supported servlet web server.
Check the configured web application type.

2026-09-29T10:13:46.775-05:00  INFO 25128 --- [demo] [restartedMain] com.spring.demo.DemoApplication          : Starting DemoApplication using Java 17.0.20.1 with PID 25128 (C:\Users\EthanWilson\Git_Repos\demo\target\classes started by EthanWilson in C:\Users\EthanWilson\Git_Repos\demo)
2026-09-29T10:13:46.778-05:00  INFO 25128 --- [demo] [restartedMain] com.spring.demo.DemoApplication          : No active profile set, falling back to 1 default profile: "default"
2026-09-29T10:13:46.783-05:00  WARN 25128 --- [demo] [restartedMain] ConfigServletWebServerApplicationContext : Exception encountered during context initialization - cancelling refresh attempt: org.springframework.context.ApplicationContextException: Unable to start web server
2026-09-29T10:13:46.806-05:00 ERROR 25128 --- [demo] [restartedMain] o.s.b.d.LoggingFailureAnalysisReporter   : 

***************************
APPLICATION FAILED TO START
***************************

Description:

Web application could not be started as there was no org.springframework.boot.web.server.servlet.ServletWebServerFactory bean defined in the context.

Action:

Check your application's dependencies for a supported servlet web server.
Check the configured web application type.

2026-09-29T10:13:51.340-05:00  INFO 25128 --- [demo] [restartedMain] com.spring.demo.DemoApplication          : Starting DemoApplication using Java 17.0.20.1 with PID 25128 (C:\Users\EthanWilson\Git_Repos\demo\target\classes started by EthanWilson in C:\Users\EthanWilson\Git_Repos\demo)
2026-09-29T10:13:51.343-05:00  INFO 25128 --- [demo] [restartedMain] com.spring.demo.DemoApplication          : No active profile set, falling back to 1 default profile: "default"
2026-09-29T10:13:51.348-05:00  WARN 25128 --- [demo] [restartedMain] ConfigServletWebServerApplicationContext : Exception encountered during context initialization - cancelling refresh attempt: org.springframework.context.ApplicationContextException: Unable to start web server
2026-09-29T10:13:51.352-05:00 ERROR 25128 --- [demo] [restartedMain] o.s.b.d.LoggingFailureAnalysisReporter   : 

***************************
APPLICATION FAILED TO START
***************************

Description:

Web application could not be started as there was no org.springframework.boot.web.server.servlet.ServletWebServerFactory bean defined in the context.

Action:

Check your application's dependencies for a supported servlet web server.
Check the configured web application type.

2026-09-29T10:13:56.064-05:00  INFO 25128 --- [demo] [restartedMain] com.spring.demo.DemoApplication          : Starting DemoApplication using Java 17.0.20.1 with PID 25128 (C:\Users\EthanWilson\Git_Repos\demo\target\classes started by EthanWilson in C:\Users\EthanWilson\Git_Repos\demo)
2026-09-29T10:13:56.069-05:00  INFO 25128 --- [demo] [restartedMain] com.spring.demo.DemoApplication          : No active profile set, falling back to 1 default profile: "default"
2026-09-29T10:13:56.091-05:00  WARN 25128 --- [demo] [restartedMain] ConfigServletWebServerApplicationContext : Exception encountered during context initialization - cancelling refresh attempt: org.springframework.context.ApplicationContextException: Unable to start web server
2026-09-29T10:13:56.111-05:00 ERROR 25128 --- [demo] [restartedMain] o.s.b.d.LoggingFailureAnalysisReporter   : 

***************************
APPLICATION FAILED TO START
***************************

Description:

Web application could not be started as there was no org.springframework.boot.web.server.servlet.ServletWebServerFactory bean defined in the context.

Action:

Check your application's dependencies for a supported servlet web server.
Check the configured web application type.

2026-09-29T10:13:57.820-05:00  INFO 25128 --- [demo] [restartedMain] com.spring.demo.DemoApplication          : Starting DemoApplication using Java 17.0.20.1 with PID 25128 (C:\Users\EthanWilson\Git_Repos\demo\target\classes started by EthanWilson in C:\Users\EthanWilson\Git_Repos\demo)
2026-09-29T10:13:57.823-05:00  INFO 25128 --- [demo] [restartedMain] com.spring.demo.DemoApplication          : No active profile set, falling back to 1 default profile: "default"
2026-09-29T10:13:57.832-05:00  WARN 25128 --- [demo] [restartedMain] ConfigServletWebServerApplicationContext : Exception encountered during context initialization - cancelling refresh attempt: org.springframework.context.ApplicationContextException: Unable to start web server
2026-09-29T10:13:57.878-05:00 ERROR 25128 --- [demo] [restartedMain] o.s.b.d.LoggingFailureAnalysisReporter   : 

***************************
APPLICATION FAILED TO START
***************************

Description:

Web application could not be started as there was no org.springframework.boot.web.server.servlet.ServletWebServerFactory bean defined in the context.

Action:

Check your application's dependencies for a supported servlet web server.
Check the configured web application type.

2026-09-29T10:14:01.606-05:00  INFO 25128 --- [demo] [restartedMain] com.spring.demo.DemoApplication          : Starting DemoApplication using Java 17.0.20.1 with PID 25128 (C:\Users\EthanWilson\Git_Repos\demo\target\classes started by EthanWilson in C:\Users\EthanWilson\Git_Repos\demo)
2026-09-29T10:14:01.612-05:00  INFO 25128 --- [demo] [restartedMain] com.spring.demo.DemoApplication          : No active profile set, falling back to 1 default profile: "default"
2026-09-29T10:14:01.633-05:00  WARN 25128 --- [demo] [restartedMain] ConfigServletWebServerApplicationContext : Exception encountered during context initialization - cancelling refresh attempt: org.springframework.context.ApplicationContextException: Unable to start web server
2026-09-29T10:14:01.660-05:00 ERROR 25128 --- [demo] [restartedMain] o.s.b.d.LoggingFailureAnalysisReporter   : 

***************************
APPLICATION FAILED TO START
***************************

Description:

Web application could not be started as there was no org.springframework.boot.web.server.servlet.ServletWebServerFactory bean defined in the context.

Action:

Check your application's dependencies for a supported servlet web server.
Check the configured web application type.

2026-09-29T10:14:03.170-05:00  INFO 25128 --- [demo] [restartedMain] com.spring.demo.DemoApplication          : Starting DemoApplication using Java 17.0.20.1 with PID 25128 (C:\Users\EthanWilson\Git_Repos\demo\target\classes started by EthanWilson in C:\Users\EthanWilson\Git_Repos\demo)
2026-09-29T10:14:03.171-05:00  INFO 25128 --- [demo] [restartedMain] com.spring.demo.DemoApplication          : No active profile set, falling back to 1 default profile: "default"
2026-09-29T10:14:03.189-05:00  WARN 25128 --- [demo] [restartedMain] ConfigServletWebServerApplicationContext : Exception encountered during context initialization - cancelling refresh attempt: org.springframework.context.ApplicationContextException: Unable to start web server
2026-09-29T10:14:03.198-05:00 ERROR 25128 --- [demo] [restartedMain] o.s.b.d.LoggingFailureAnalysisReporter   : 

***************************
APPLICATION FAILED TO START
***************************

Description:

Web application could not be started as there was no org.springframework.boot.web.server.servlet.ServletWebServerFactory bean defined in the context.

Action:

Check your application's dependencies for a supported servlet web server.
Check the configured web application type.

2026-09-29T10:14:23.206-05:00  INFO 25128 --- [demo] [restartedMain] com.spring.demo.DemoApplication          : Starting DemoApplication using Java 17.0.20.1 with PID 25128 (C:\Users\EthanWilson\Git_Repos\demo\target\classes started by EthanWilson in C:\Users\EthanWilson\Git_Repos\demo)
2026-09-29T10:14:23.208-05:00  INFO 25128 --- [demo] [restartedMain] com.spring.demo.DemoApplication          : No active profile set, falling back to 1 default profile: "default"
2026-09-29T10:14:23.236-05:00  WARN 25128 --- [demo] [restartedMain] ConfigServletWebServerApplicationContext : Exception encountered during context initialization - cancelling refresh attempt: org.springframework.context.ApplicationContextException: Unable to start web server
2026-09-29T10:14:23.243-05:00 ERROR 25128 --- [demo] [restartedMain] o.s.b.d.LoggingFailureAnalysisReporter   : 

***************************
APPLICATION FAILED TO START
***************************

Description:

Web application could not be started as there was no org.springframework.boot.web.server.servlet.ServletWebServerFactory bean defined in the context.

Action:

Check your application's dependencies for a supported servlet web server.
Check the configured web application type.

2026-09-29T10:14:32.053-05:00  INFO 25128 --- [demo] [restartedMain] com.spring.demo.DemoApplication          : Starting DemoApplication using Java 17.0.20.1 with PID 25128 (C:\Users\EthanWilson\Git_Repos\demo\target\classes started by EthanWilson in C:\Users\EthanWilson\Git_Repos\demo)
2026-09-29T10:14:32.054-05:00  INFO 25128 --- [demo] [restartedMain] com.spring.demo.DemoApplication          : No active profile set, falling back to 1 default profile: "default"
2026-09-29T10:14:32.063-05:00  WARN 25128 --- [demo] [restartedMain] ConfigServletWebServerApplicationContext : Exception encountered during context initialization - cancelling refresh attempt: org.springframework.context.ApplicationContextException: Unable to start web server
2026-09-29T10:14:32.068-05:00 ERROR 25128 --- [demo] [restartedMain] o.s.b.d.LoggingFailureAnalysisReporter   : 

***************************
APPLICATION FAILED TO START
***************************

Description:

Web application could not be started as there was no org.springframework.boot.web.server.servlet.ServletWebServerFactory bean defined in the context.

Action:

Check your application's dependencies for a supported servlet web server.
Check the configured web application type.

2026-09-29T10:14:37.739-05:00  INFO 25128 --- [demo] [restartedMain] com.spring.demo.DemoApplication          : Starting DemoApplication using Java 17.0.20.1 with PID 25128 (C:\Users\EthanWilson\Git_Repos\demo\target\classes started by EthanWilson in C:\Users\EthanWilson\Git_Repos\demo)
2026-09-29T10:14:37.740-05:00  INFO 25128 --- [demo] [restartedMain] com.spring.demo.DemoApplication          : No active profile set, falling back to 1 default profile: "default"
2026-09-29T10:14:37.746-05:00  WARN 25128 --- [demo] [restartedMain] ConfigServletWebServerApplicationContext : Exception encountered during context initialization - cancelling refresh attempt: org.springframework.context.ApplicationContextException: Unable to start web server
2026-09-29T10:14:37.753-05:00 ERROR 25128 --- [demo] [restartedMain] o.s.b.d.LoggingFailureAnalysisReporter   : 

***************************
APPLICATION FAILED TO START
***************************

Description:

Web application could not be started as there was no org.springframework.boot.web.server.servlet.ServletWebServerFactory bean defined in the context.

Action:

Check your application's dependencies for a supported servlet web server.
Check the configured web application type.

2026-09-29T10:14:52.534-05:00  INFO 25128 --- [demo] [restartedMain] com.spring.demo.DemoApplication          : Starting DemoApplication using Java 17.0.20.1 with PID 25128 (C:\Users\EthanWilson\Git_Repos\demo\target\classes started by EthanWilson in C:\Users\EthanWilson\Git_Repos\demo)
2026-09-29T10:14:52.535-05:00  INFO 25128 --- [demo] [restartedMain] com.spring.demo.DemoApplication          : No active profile set, falling back to 1 default profile: "default"
2026-09-29T10:14:52.539-05:00  WARN 25128 --- [demo] [restartedMain] ConfigServletWebServerApplicationContext : Exception encountered during context initialization - cancelling refresh attempt: org.springframework.context.ApplicationContextException: Unable to start web server
2026-09-29T10:14:52.542-05:00 ERROR 25128 --- [demo] [restartedMain] o.s.b.d.LoggingFailureAnalysisReporter   : 

***************************
APPLICATION FAILED TO START
***************************

Description:

Web application could not be started as there was no org.springframework.boot.web.server.servlet.ServletWebServerFactory bean defined in the context.

Action:

Check your application's dependencies for a supported servlet web server.
Check the configured web application type.

2026-09-29T10:14:54.020-05:00  INFO 25128 --- [demo] [restartedMain] com.spring.demo.DemoApplication          : Starting DemoApplication using Java 17.0.20.1 with PID 25128 (C:\Users\EthanWilson\Git_Repos\demo\target\classes started by EthanWilson in C:\Users\EthanWilson\Git_Repos\demo)
2026-09-29T10:14:54.021-05:00  INFO 25128 --- [demo] [restartedMain] com.spring.demo.DemoApplication          : No active profile set, falling back to 1 default profile: "default"
2026-09-29T10:14:54.023-05:00  WARN 25128 --- [demo] [restartedMain] ConfigServletWebServerApplicationContext : Exception encountered during context initialization - cancelling refresh attempt: org.springframework.context.ApplicationContextException: Unable to start web server
2026-09-29T10:14:54.026-05:00 ERROR 25128 --- [demo] [restartedMain] o.s.b.d.LoggingFailureAnalysisReporter   : 

***************************
APPLICATION FAILED TO START
***************************

Description:

Web application could not be started as there was no org.springframework.boot.web.server.servlet.ServletWebServerFactory bean defined in the context.

Action:

Check your application's dependencies for a supported servlet web server.
Check the configured web application type.

2026-09-29T10:15:03.843-05:00  INFO 25128 --- [demo] [restartedMain] com.spring.demo.DemoApplication          : Starting DemoApplication using Java 17.0.20.1 with PID 25128 (C:\Users\EthanWilson\Git_Repos\demo\target\classes started by EthanWilson in C:\Users\EthanWilson\Git_Repos\demo)
2026-09-29T10:15:03.843-05:00  INFO 25128 --- [demo] [restartedMain] com.spring.demo.DemoApplication          : No active profile set, falling back to 1 default profile: "default"
2026-09-29T10:15:03.846-05:00  WARN 25128 --- [demo] [restartedMain] ConfigServletWebServerApplicationContext : Exception encountered during context initialization - cancelling refresh attempt: org.springframework.context.ApplicationContextException: Unable to start web server
2026-09-29T10:15:03.850-05:00 ERROR 25128 --- [demo] [restartedMain] o.s.b.d.LoggingFailureAnalysisReporter   : 

***************************
APPLICATION FAILED TO START
***************************

Description:

Web application could not be started as there was no org.springframework.boot.web.server.servlet.ServletWebServerFactory bean defined in the context.

Action:

Check your application's dependencies for a supported servlet web server.
Check the configured web application type.

2026-09-29T10:15:57.376-05:00  INFO 2984 --- [demo] [restartedMain] com.spring.demo.DemoApplication          : Starting DemoApplication using Java 17.0.20.1 with PID 2984 (C:\Users\EthanWilson\Git_Repos\demo\target\classes started by EthanWilson in C:\Users\EthanWilson\Git_Repos\demo)
2026-09-29T10:15:57.386-05:00  INFO 2984 --- [demo] [restartedMain] com.spring.demo.DemoApplication          : No active profile set, falling back to 1 default profile: "default"
2026-09-29T10:15:57.460-05:00  INFO 2984 --- [demo] [restartedMain] .e.DevToolsPropertyDefaultsPostProcessor : Devtools property defaults active! Set 'spring.devtools.add-properties' to 'false' to disable
2026-09-29T10:15:57.462-05:00  INFO 2984 --- [demo] [restartedMain] .e.DevToolsPropertyDefaultsPostProcessor : For additional web related logging consider setting the 'logging.level.web' property to 'DEBUG'
2026-09-29T10:15:57.665-05:00  WARN 2984 --- [demo] [restartedMain] ConfigServletWebServerApplicationContext : Exception encountered during context initialization - cancelling refresh attempt: org.springframework.context.ApplicationContextException: Unable to start web server
2026-09-29T10:15:57.744-05:00 ERROR 2984 --- [demo] [restartedMain] o.s.b.d.LoggingFailureAnalysisReporter   : 

***************************
APPLICATION FAILED TO START
***************************

Description:

Web application could not be started as there was no org.springframework.boot.web.server.servlet.ServletWebServerFactory bean defined in the context.

Action:

Check your application's dependencies for a supported servlet web server.
Check the configured web application type.

2026-09-29T10:17:37.828-05:00  INFO 28384 --- [demo] [restartedMain] com.spring.demo.DemoApplication          : Starting DemoApplication using Java 17.0.20.1 with PID 28384 (C:\Users\EthanWilson\Git_Repos\demo\target\classes started by EthanWilson in C:\Users\EthanWilson\Git_Repos\demo)
2026-09-29T10:17:37.836-05:00  INFO 28384 --- [demo] [restartedMain] com.spring.demo.DemoApplication          : No active profile set, falling back to 1 default profile: "default"
2026-09-29T10:17:37.879-05:00  INFO 28384 --- [demo] [restartedMain] .e.DevToolsPropertyDefaultsPostProcessor : Devtools property defaults active! Set 'spring.devtools.add-properties' to 'false' to disable
2026-09-29T10:17:37.880-05:00  INFO 28384 --- [demo] [restartedMain] .e.DevToolsPropertyDefaultsPostProcessor : For additional web related logging consider setting the 'logging.level.web' property to 'DEBUG'
2026-09-29T10:17:38.079-05:00  WARN 28384 --- [demo] [restartedMain] ConfigServletWebServerApplicationContext : Exception encountered during context initialization - cancelling refresh attempt: org.springframework.context.ApplicationContextException: Unable to start web server
2026-09-29T10:17:38.203-05:00 ERROR 28384 --- [demo] [restartedMain] o.s.b.d.LoggingFailureAnalysisReporter   : 

***************************
APPLICATION FAILED TO START
***************************

Description:

Web application could not be started as there was no org.springframework.boot.web.server.servlet.ServletWebServerFactory bean defined in the context.

Action:

Check your application's dependencies for a supported servlet web server.
Check the configured web application type.

2026-09-29T10:19:19.057-05:00  INFO 21284 --- [demo] [restartedMain] com.spring.demo.DemoApplication          : Starting DemoApplication using Java 17.0.20.1 with PID 21284 (C:\Users\EthanWilson\Git_Repos\demo\target\classes started by EthanWilson in C:\Users\EthanWilson\Git_Repos\demo)
2026-09-29T10:19:19.063-05:00  INFO 21284 --- [demo] [restartedMain] com.spring.demo.DemoApplication          : No active profile set, falling back to 1 default profile: "default"
2026-09-29T10:19:19.164-05:00  INFO 21284 --- [demo] [restartedMain] .e.DevToolsPropertyDefaultsPostProcessor : Devtools property defaults active! Set 'spring.devtools.add-properties' to 'false' to disable
2026-09-29T10:19:19.172-05:00  INFO 21284 --- [demo] [restartedMain] .e.DevToolsPropertyDefaultsPostProcessor : For additional web related logging consider setting the 'logging.level.web' property to 'DEBUG'
2026-09-29T10:19:22.584-05:00  INFO 21284 --- [demo] [restartedMain] o.s.boot.tomcat.TomcatWebServer          : Tomcat initialized with port 8080 (http)
2026-09-29T10:19:22.636-05:00  INFO 21284 --- [demo] [restartedMain] o.apache.catalina.core.StandardService   : Starting service [Tomcat]
2026-09-29T10:19:22.637-05:00  INFO 21284 --- [demo] [restartedMain] o.apache.catalina.core.StandardEngine    : Starting Servlet engine: [Apache Tomcat/11.0.24]
2026-09-29T10:19:22.750-05:00  INFO 21284 --- [demo] [restartedMain] b.w.c.s.WebApplicationContextInitializer : Root WebApplicationContext: initialization completed in 3571 ms
2026-09-29T10:19:23.699-05:00  INFO 21284 --- [demo] [restartedMain] o.s.boot.tomcat.TomcatWebServer          : Tomcat started on port 8080 (http) with context path '/'
2026-09-29T10:19:24.315-05:00  INFO 21284 --- [demo] [restartedMain] o.s.b.a.e.web.EndpointLinksResolver      : Exposing 13 endpoints beneath base path '/actuator'
2026-09-29T10:19:24.335-05:00  INFO 21284 --- [demo] [restartedMain] com.spring.demo.DemoApplication          : Started DemoApplication in 6.236 seconds (process running for 7.221)
2026-09-29T10:19:27.454-05:00  INFO 21284 --- [demo] [http-nio-8080-exec-1] o.a.c.c.C.[Tomcat].[localhost].[/]       : Initializing Spring DispatcherServlet 'dispatcherServlet'
2026-09-29T10:19:27.467-05:00  INFO 21284 --- [demo] [http-nio-8080-exec-1] o.s.web.servlet.DispatcherServlet        : Initializing Servlet 'dispatcherServlet'
2026-09-29T10:19:27.871-05:00  INFO 21284 --- [demo] [http-nio-8080-exec-1] o.s.web.servlet.DispatcherServlet        : Completed initialization in 402 ms
2026-09-29T10:19:28.198-05:00  INFO 21284 --- [demo] [http-nio-8080-exec-1] r$InitializeUserDetailsManagerConfigurer : Global AuthenticationManager configured with UserDetailsService bean with name inMemoryUserDetailsManager
2026-09-29T10:19:28.829-05:00  WARN 21284 --- [demo] [http-nio-8080-exec-1] o.a.c.util.SessionIdGeneratorBase        : Creation of SecureRandom instance for session ID generation using [SHA1PRNG] took [117] milliseconds.
2026-09-29T10:32:07.968-05:00  INFO 21284 --- [demo] [File Watcher] rtingClassPathChangeChangedEventListener : Restarting due to 1 class path change (1 addition, 0 deletions, 0 modifications)
2026-09-29T10:32:07.997-05:00  INFO 21284 --- [demo] [Thread-1] o.s.boot.tomcat.GracefulShutdown         : Commencing graceful shutdown. Waiting for active requests to complete
2026-09-29T10:32:08.777-05:00  INFO 21284 --- [demo] [tomcat-shutdown] o.s.boot.tomcat.GracefulShutdown         : Graceful shutdown complete
2026-09-29T10:32:08.976-05:00  INFO 21284 --- [demo] [restartedMain] com.spring.demo.DemoApplication          : Starting DemoApplication using Java 17.0.20.1 with PID 21284 (C:\Users\EthanWilson\Git_Repos\demo\target\classes started by EthanWilson in C:\Users\EthanWilson\Git_Repos\demo)
2026-09-29T10:32:08.977-05:00  INFO 21284 --- [demo] [restartedMain] com.spring.demo.DemoApplication          : No active profile set, falling back to 1 default profile: "default"
2026-09-29T10:32:09.654-05:00  INFO 21284 --- [demo] [restartedMain] o.s.boot.tomcat.TomcatWebServer          : Tomcat initialized with port 8080 (http)
2026-09-29T10:32:09.667-05:00  INFO 21284 --- [demo] [restartedMain] o.apache.catalina.core.StandardService   : Starting service [Tomcat]
2026-09-29T10:32:09.675-05:00  INFO 21284 --- [demo] [restartedMain] o.apache.catalina.core.StandardEngine    : Starting Servlet engine: [Apache Tomcat/11.0.24]
2026-09-29T10:32:09.744-05:00  INFO 21284 --- [demo] [restartedMain] b.w.c.s.WebApplicationContextInitializer : Root WebApplicationContext: initialization completed in 749 ms
2026-09-29T10:32:10.147-05:00  INFO 21284 --- [demo] [restartedMain] o.s.boot.tomcat.TomcatWebServer          : Tomcat started on port 8080 (http) with context path '/'
2026-09-29T10:32:10.471-05:00  INFO 21284 --- [demo] [restartedMain] o.s.b.a.e.web.EndpointLinksResolver      : Exposing 13 endpoints beneath base path '/actuator'
2026-09-29T10:32:10.505-05:00  INFO 21284 --- [demo] [restartedMain] com.spring.demo.DemoApplication          : Started DemoApplication in 1.597 seconds (process running for 773.391)
2026-09-29T10:32:10.518-05:00  INFO 21284 --- [demo] [restartedMain] .ConditionEvaluationDeltaLoggingListener : Condition evaluation unchanged
2026-09-29T10:32:11.471-05:00  INFO 21284 --- [demo] [File Watcher] rtingClassPathChangeChangedEventListener : Restarting due to 1 class path change (0 additions, 0 deletions, 1 modification)
2026-09-29T10:32:11.478-05:00  INFO 21284 --- [demo] [Thread-5] o.s.boot.tomcat.GracefulShutdown         : Commencing graceful shutdown. Waiting for active requests to complete
2026-09-29T10:32:12.051-05:00  INFO 21284 --- [demo] [tomcat-shutdown] o.s.boot.tomcat.GracefulShutdown         : Graceful shutdown complete
2026-09-29T10:32:12.185-05:00  INFO 21284 --- [demo] [restartedMain] com.spring.demo.DemoApplication          : Starting DemoApplication using Java 17.0.20.1 with PID 21284 (C:\Users\EthanWilson\Git_Repos\demo\target\classes started by EthanWilson in C:\Users\EthanWilson\Git_Repos\demo)
2026-09-29T10:32:12.186-05:00  INFO 21284 --- [demo] [restartedMain] com.spring.demo.DemoApplication          : No active profile set, falling back to 1 default profile: "default"
2026-09-29T10:32:13.087-05:00  INFO 21284 --- [demo] [restartedMain] o.s.boot.tomcat.TomcatWebServer          : Tomcat initialized with port 8080 (http)
2026-09-29T10:32:13.090-05:00  INFO 21284 --- [demo] [restartedMain] o.apache.catalina.core.StandardService   : Starting service [Tomcat]
2026-09-29T10:32:13.090-05:00  INFO 21284 --- [demo] [restartedMain] o.apache.catalina.core.StandardEngine    : Starting Servlet engine: [Apache Tomcat/11.0.24]
2026-09-29T10:32:13.113-05:00  INFO 21284 --- [demo] [restartedMain] b.w.c.s.WebApplicationContextInitializer : Root WebApplicationContext: initialization completed in 924 ms
2026-09-29T10:32:13.423-05:00  INFO 21284 --- [demo] [restartedMain] o.s.boot.tomcat.TomcatWebServer          : Tomcat started on port 8080 (http) with context path '/'
2026-09-29T10:32:14.003-05:00  INFO 21284 --- [demo] [restartedMain] o.s.b.a.e.web.EndpointLinksResolver      : Exposing 13 endpoints beneath base path '/actuator'
2026-09-29T10:32:14.035-05:00  INFO 21284 --- [demo] [restartedMain] com.spring.demo.DemoApplication          : Started DemoApplication in 1.891 seconds (process running for 776.921)
2026-09-29T10:32:14.058-05:00  INFO 21284 --- [demo] [restartedMain] .ConditionEvaluationDeltaLoggingListener : Condition evaluation unchanged
2026-09-29T10:32:17.799-05:00  INFO 21284 --- [demo] [File Watcher] rtingClassPathChangeChangedEventListener : Restarting due to 1 class path change (0 additions, 0 deletions, 1 modification)
2026-09-29T10:32:17.802-05:00  INFO 21284 --- [demo] [Thread-9] o.s.boot.tomcat.GracefulShutdown         : Commencing graceful shutdown. Waiting for active requests to complete
2026-09-29T10:32:18.758-05:00  INFO 21284 --- [demo] [tomcat-shutdown] o.s.boot.tomcat.GracefulShutdown         : Graceful shutdown complete
2026-09-29T10:32:18.942-05:00  INFO 21284 --- [demo] [restartedMain] com.spring.demo.DemoApplication          : Starting DemoApplication using Java 17.0.20.1 with PID 21284 (C:\Users\EthanWilson\Git_Repos\demo\target\classes started by EthanWilson in C:\Users\EthanWilson\Git_Repos\demo)
2026-09-29T10:32:18.950-05:00  INFO 21284 --- [demo] [restartedMain] com.spring.demo.DemoApplication          : No active profile set, falling back to 1 default profile: "default"
2026-09-29T10:32:20.589-05:00  INFO 21284 --- [demo] [restartedMain] o.s.boot.tomcat.TomcatWebServer          : Tomcat initialized with port 8080 (http)
2026-09-29T10:32:20.592-05:00  INFO 21284 --- [demo] [restartedMain] o.apache.catalina.core.StandardService   : Starting service [Tomcat]
2026-09-29T10:32:20.593-05:00  INFO 21284 --- [demo] [restartedMain] o.apache.catalina.core.StandardEngine    : Starting Servlet engine: [Apache Tomcat/11.0.24]
2026-09-29T10:32:20.645-05:00  INFO 21284 --- [demo] [restartedMain] b.w.c.s.WebApplicationContextInitializer : Root WebApplicationContext: initialization completed in 1674 ms
2026-09-29T10:32:20.896-05:00  INFO 21284 --- [demo] [restartedMain] o.s.boot.tomcat.TomcatWebServer          : Tomcat started on port 8080 (http) with context path '/'
2026-09-29T10:32:21.225-05:00  INFO 21284 --- [demo] [restartedMain] o.s.b.a.e.web.EndpointLinksResolver      : Exposing 13 endpoints beneath base path '/actuator'
2026-09-29T10:32:21.241-05:00  INFO 21284 --- [demo] [restartedMain] com.spring.demo.DemoApplication          : Started DemoApplication in 2.38 seconds (process running for 784.126)
2026-09-29T10:32:21.245-05:00  INFO 21284 --- [demo] [restartedMain] .ConditionEvaluationDeltaLoggingListener : Condition evaluation unchanged
2026-09-29T10:32:22.287-05:00  INFO 21284 --- [demo] [File Watcher] rtingClassPathChangeChangedEventListener : Restarting due to 1 class path change (0 additions, 0 deletions, 1 modification)
2026-09-29T10:32:22.292-05:00  INFO 21284 --- [demo] [Thread-13] o.s.boot.tomcat.GracefulShutdown         : Commencing graceful shutdown. Waiting for active requests to complete
2026-09-29T10:32:23.586-05:00  INFO 21284 --- [demo] [tomcat-shutdown] o.s.boot.tomcat.GracefulShutdown         : Graceful shutdown complete
2026-09-29T10:32:23.722-05:00  INFO 21284 --- [demo] [restartedMain] com.spring.demo.DemoApplication          : Starting DemoApplication using Java 17.0.20.1 with PID 21284 (C:\Users\EthanWilson\Git_Repos\demo\target\classes started by EthanWilson in C:\Users\EthanWilson\Git_Repos\demo)
2026-09-29T10:32:23.724-05:00  INFO 21284 --- [demo] [restartedMain] com.spring.demo.DemoApplication          : No active profile set, falling back to 1 default profile: "default"
2026-09-29T10:32:25.190-05:00  INFO 21284 --- [demo] [restartedMain] o.s.boot.tomcat.TomcatWebServer          : Tomcat initialized with port 8080 (http)
2026-09-29T10:32:25.218-05:00  INFO 21284 --- [demo] [restartedMain] o.apache.catalina.core.StandardService   : Starting service [Tomcat]
2026-09-29T10:32:25.219-05:00  INFO 21284 --- [demo] [restartedMain] o.apache.catalina.core.StandardEngine    : Starting Servlet engine: [Apache Tomcat/11.0.24]
2026-09-29T10:32:25.272-05:00  INFO 21284 --- [demo] [restartedMain] b.w.c.s.WebApplicationContextInitializer : Root WebApplicationContext: initialization completed in 1545 ms
2026-09-29T10:32:25.637-05:00  INFO 21284 --- [demo] [restartedMain] o.s.boot.tomcat.TomcatWebServer          : Tomcat started on port 8080 (http) with context path '/'
2026-09-29T10:32:25.943-05:00  INFO 21284 --- [demo] [restartedMain] o.s.b.a.e.web.EndpointLinksResolver      : Exposing 13 endpoints beneath base path '/actuator'
2026-09-29T10:32:25.957-05:00  INFO 21284 --- [demo] [restartedMain] com.spring.demo.DemoApplication          : Started DemoApplication in 2.287 seconds (process running for 788.843)
2026-09-29T10:32:25.974-05:00  INFO 21284 --- [demo] [restartedMain] .ConditionEvaluationDeltaLoggingListener : Condition evaluation unchanged
2026-09-29T10:32:27.115-05:00  INFO 21284 --- [demo] [File Watcher] rtingClassPathChangeChangedEventListener : Restarting due to 1 class path change (0 additions, 0 deletions, 1 modification)
2026-09-29T10:32:27.118-05:00  INFO 21284 --- [demo] [Thread-17] o.s.boot.tomcat.GracefulShutdown         : Commencing graceful shutdown. Waiting for active requests to complete
2026-09-29T10:32:28.342-05:00  INFO 21284 --- [demo] [tomcat-shutdown] o.s.boot.tomcat.GracefulShutdown         : Graceful shutdown complete
2026-09-29T10:32:28.516-05:00  INFO 21284 --- [demo] [restartedMain] com.spring.demo.DemoApplication          : Starting DemoApplication using Java 17.0.20.1 with PID 21284 (C:\Users\EthanWilson\Git_Repos\demo\target\classes started by EthanWilson in C:\Users\EthanWilson\Git_Repos\demo)
2026-09-29T10:32:28.517-05:00  INFO 21284 --- [demo] [restartedMain] com.spring.demo.DemoApplication          : No active profile set, falling back to 1 default profile: "default"
2026-09-29T10:32:29.355-05:00  INFO 21284 --- [demo] [restartedMain] o.s.boot.tomcat.TomcatWebServer          : Tomcat initialized with port 8080 (http)
2026-09-29T10:32:29.356-05:00  INFO 21284 --- [demo] [restartedMain] o.apache.catalina.core.StandardService   : Starting service [Tomcat]
2026-09-29T10:32:29.356-05:00  INFO 21284 --- [demo] [restartedMain] o.apache.catalina.core.StandardEngine    : Starting Servlet engine: [Apache Tomcat/11.0.24]
2026-09-29T10:32:29.392-05:00  INFO 21284 --- [demo] [restartedMain] b.w.c.s.WebApplicationContextInitializer : Root WebApplicationContext: initialization completed in 873 ms
2026-09-29T10:32:29.540-05:00  INFO 21284 --- [demo] [restartedMain] o.s.boot.tomcat.TomcatWebServer          : Tomcat started on port 8080 (http) with context path '/'
2026-09-29T10:32:29.817-05:00  INFO 21284 --- [demo] [restartedMain] o.s.b.a.e.web.EndpointLinksResolver      : Exposing 13 endpoints beneath base path '/actuator'
2026-09-29T10:32:29.865-05:00  INFO 21284 --- [demo] [restartedMain] com.spring.demo.DemoApplication          : Started DemoApplication in 1.404 seconds (process running for 792.75)
2026-09-29T10:32:29.876-05:00  INFO 21284 --- [demo] [restartedMain] .ConditionEvaluationDeltaLoggingListener : Condition evaluation unchanged
2026-09-29T10:32:30.949-05:00  INFO 21284 --- [demo] [File Watcher] rtingClassPathChangeChangedEventListener : Restarting due to 1 class path change (0 additions, 0 deletions, 1 modification)
2026-09-29T10:32:30.951-05:00  INFO 21284 --- [demo] [Thread-21] o.s.boot.tomcat.GracefulShutdown         : Commencing graceful shutdown. Waiting for active requests to complete
2026-09-29T10:32:31.864-05:00  INFO 21284 --- [demo] [tomcat-shutdown] o.s.boot.tomcat.GracefulShutdown         : Graceful shutdown complete
2026-09-29T10:32:32.218-05:00  INFO 21284 --- [demo] [restartedMain] com.spring.demo.DemoApplication          : Starting DemoApplication using Java 17.0.20.1 with PID 21284 (C:\Users\EthanWilson\Git_Repos\demo\target\classes started by EthanWilson in C:\Users\EthanWilson\Git_Repos\demo)
2026-09-29T10:32:32.223-05:00  INFO 21284 --- [demo] [restartedMain] com.spring.demo.DemoApplication          : No active profile set, falling back to 1 default profile: "default"
2026-09-29T10:32:32.928-05:00  INFO 21284 --- [demo] [restartedMain] o.s.boot.tomcat.TomcatWebServer          : Tomcat initialized with port 8080 (http)
2026-09-29T10:32:32.933-05:00  INFO 21284 --- [demo] [restartedMain] o.apache.catalina.core.StandardService   : Starting service [Tomcat]
2026-09-29T10:32:32.936-05:00  INFO 21284 --- [demo] [restartedMain] o.apache.catalina.core.StandardEngine    : Starting Servlet engine: [Apache Tomcat/11.0.24]
2026-09-29T10:32:32.967-05:00  INFO 21284 --- [demo] [restartedMain] b.w.c.s.WebApplicationContextInitializer : Root WebApplicationContext: initialization completed in 729 ms
2026-09-29T10:32:33.149-05:00  INFO 21284 --- [demo] [restartedMain] o.s.boot.tomcat.TomcatWebServer          : Tomcat started on port 8080 (http) with context path '/'
2026-09-29T10:32:33.399-05:00  INFO 21284 --- [demo] [restartedMain] o.s.b.a.e.web.EndpointLinksResolver      : Exposing 13 endpoints beneath base path '/actuator'
2026-09-29T10:32:33.405-05:00  INFO 21284 --- [demo] [restartedMain] com.spring.demo.DemoApplication          : Started DemoApplication in 1.41 seconds (process running for 796.29)
2026-09-29T10:32:33.416-05:00  INFO 21284 --- [demo] [restartedMain] .ConditionEvaluationDeltaLoggingListener : Condition evaluation unchanged
2026-09-29T10:32:34.969-05:00  INFO 21284 --- [demo] [File Watcher] rtingClassPathChangeChangedEventListener : Restarting due to 1 class path change (0 additions, 0 deletions, 1 modification)
2026-09-29T10:32:34.971-05:00  INFO 21284 --- [demo] [Thread-25] o.s.boot.tomcat.GracefulShutdown         : Commencing graceful shutdown. Waiting for active requests to complete
2026-09-29T10:32:36.134-05:00  INFO 21284 --- [demo] [tomcat-shutdown] o.s.boot.tomcat.GracefulShutdown         : Graceful shutdown complete
2026-09-29T10:32:36.343-05:00  INFO 21284 --- [demo] [restartedMain] com.spring.demo.DemoApplication          : Starting DemoApplication using Java 17.0.20.1 with PID 21284 (C:\Users\EthanWilson\Git_Repos\demo\target\classes started by EthanWilson in C:\Users\EthanWilson\Git_Repos\demo)
2026-09-29T10:32:36.344-05:00  INFO 21284 --- [demo] [restartedMain] com.spring.demo.DemoApplication          : No active profile set, falling back to 1 default profile: "default"
2026-09-29T10:32:36.985-05:00  INFO 21284 --- [demo] [restartedMain] o.s.boot.tomcat.TomcatWebServer          : Tomcat initialized with port 8080 (http)
2026-09-29T10:32:36.986-05:00  INFO 21284 --- [demo] [restartedMain] o.apache.catalina.core.StandardService   : Starting service [Tomcat]
2026-09-29T10:32:36.988-05:00  INFO 21284 --- [demo] [restartedMain] o.apache.catalina.core.StandardEngine    : Starting Servlet engine: [Apache Tomcat/11.0.24]
2026-09-29T10:32:37.033-05:00  INFO 21284 --- [demo] [restartedMain] b.w.c.s.WebApplicationContextInitializer : Root WebApplicationContext: initialization completed in 687 ms
2026-09-29T10:32:37.262-05:00  INFO 21284 --- [demo] [restartedMain] o.s.boot.tomcat.TomcatWebServer          : Tomcat started on port 8080 (http) with context path '/'
2026-09-29T10:32:37.432-05:00  INFO 21284 --- [demo] [restartedMain] o.s.b.a.e.web.EndpointLinksResolver      : Exposing 13 endpoints beneath base path '/actuator'
2026-09-29T10:32:37.446-05:00  INFO 21284 --- [demo] [restartedMain] com.spring.demo.DemoApplication          : Started DemoApplication in 1.156 seconds (process running for 800.332)
2026-09-29T10:32:37.458-05:00  INFO 21284 --- [demo] [restartedMain] .ConditionEvaluationDeltaLoggingListener : Condition evaluation unchanged
2026-09-29T10:32:40.698-05:00  INFO 21284 --- [demo] [File Watcher] rtingClassPathChangeChangedEventListener : Restarting due to 1 class path change (0 additions, 0 deletions, 1 modification)
2026-09-29T10:32:40.702-05:00  INFO 21284 --- [demo] [Thread-29] o.s.boot.tomcat.GracefulShutdown         : Commencing graceful shutdown. Waiting for active requests to complete
2026-09-29T10:32:41.529-05:00  INFO 21284 --- [demo] [tomcat-shutdown] o.s.boot.tomcat.GracefulShutdown         : Graceful shutdown complete
2026-09-29T10:32:41.860-05:00  INFO 21284 --- [demo] [restartedMain] com.spring.demo.DemoApplication          : Starting DemoApplication using Java 17.0.20.1 with PID 21284 (C:\Users\EthanWilson\Git_Repos\demo\target\classes started by EthanWilson in C:\Users\EthanWilson\Git_Repos\demo)
2026-09-29T10:32:41.867-05:00  INFO 21284 --- [demo] [restartedMain] com.spring.demo.DemoApplication          : No active profile set, falling back to 1 default profile: "default"
2026-09-29T10:32:42.600-05:00  INFO 21284 --- [demo] [restartedMain] o.s.boot.tomcat.TomcatWebServer          : Tomcat initialized with port 8080 (http)
2026-09-29T10:32:42.602-05:00  INFO 21284 --- [demo] [restartedMain] o.apache.catalina.core.StandardService   : Starting service [Tomcat]
2026-09-29T10:32:42.602-05:00  INFO 21284 --- [demo] [restartedMain] o.apache.catalina.core.StandardEngine    : Starting Servlet engine: [Apache Tomcat/11.0.24]
2026-09-29T10:32:42.650-05:00  INFO 21284 --- [demo] [restartedMain] b.w.c.s.WebApplicationContextInitializer : Root WebApplicationContext: initialization completed in 774 ms
2026-09-29T10:32:42.844-05:00  INFO 21284 --- [demo] [restartedMain] o.s.boot.tomcat.TomcatWebServer          : Tomcat started on port 8080 (http) with context path '/'
2026-09-29T10:32:43.020-05:00  INFO 21284 --- [demo] [restartedMain] o.s.b.a.e.web.EndpointLinksResolver      : Exposing 13 endpoints beneath base path '/actuator'
2026-09-29T10:32:43.033-05:00  INFO 21284 --- [demo] [restartedMain] com.spring.demo.DemoApplication          : Started DemoApplication in 1.314 seconds (process running for 805.918)
2026-09-29T10:32:43.037-05:00  INFO 21284 --- [demo] [restartedMain] .ConditionEvaluationDeltaLoggingListener : Condition evaluation unchanged
2026-09-29T10:32:44.226-05:00  INFO 21284 --- [demo] [File Watcher] rtingClassPathChangeChangedEventListener : Restarting due to 1 class path change (0 additions, 0 deletions, 1 modification)
2026-09-29T10:32:44.228-05:00  INFO 21284 --- [demo] [Thread-33] o.s.boot.tomcat.GracefulShutdown         : Commencing graceful shutdown. Waiting for active requests to complete
2026-09-29T10:32:44.781-05:00  INFO 21284 --- [demo] [tomcat-shutdown] o.s.boot.tomcat.GracefulShutdown         : Graceful shutdown complete
2026-09-29T10:32:44.887-05:00  INFO 21284 --- [demo] [restartedMain] com.spring.demo.DemoApplication          : Starting DemoApplication using Java 17.0.20.1 with PID 21284 (C:\Users\EthanWilson\Git_Repos\demo\target\classes started by EthanWilson in C:\Users\EthanWilson\Git_Repos\demo)
2026-09-29T10:32:44.888-05:00  INFO 21284 --- [demo] [restartedMain] com.spring.demo.DemoApplication          : No active profile set, falling back to 1 default profile: "default"
2026-09-29T10:32:45.372-05:00  INFO 21284 --- [demo] [restartedMain] o.s.boot.tomcat.TomcatWebServer          : Tomcat initialized with port 8080 (http)
2026-09-29T10:32:45.374-05:00  INFO 21284 --- [demo] [restartedMain] o.apache.catalina.core.StandardService   : Starting service [Tomcat]
2026-09-29T10:32:45.374-05:00  INFO 21284 --- [demo] [restartedMain] o.apache.catalina.core.StandardEngine    : Starting Servlet engine: [Apache Tomcat/11.0.24]
2026-09-29T10:32:45.414-05:00  INFO 21284 --- [demo] [restartedMain] b.w.c.s.WebApplicationContextInitializer : Root WebApplicationContext: initialization completed in 520 ms
2026-09-29T10:32:45.555-05:00  INFO 21284 --- [demo] [restartedMain] o.s.boot.tomcat.TomcatWebServer          : Tomcat started on port 8080 (http) with context path '/'
2026-09-29T10:32:45.718-05:00  INFO 21284 --- [demo] [restartedMain] o.s.b.a.e.web.EndpointLinksResolver      : Exposing 13 endpoints beneath base path '/actuator'
2026-09-29T10:32:45.725-05:00  INFO 21284 --- [demo] [restartedMain] com.spring.demo.DemoApplication          : Started DemoApplication in 0.868 seconds (process running for 808.611)
2026-09-29T10:32:45.727-05:00  INFO 21284 --- [demo] [restartedMain] .ConditionEvaluationDeltaLoggingListener : Condition evaluation unchanged
2026-09-29T10:33:17.119-05:00  INFO 21284 --- [demo] [File Watcher] rtingClassPathChangeChangedEventListener : Restarting due to 1 class path change (1 addition, 0 deletions, 0 modifications)
2026-09-29T10:33:17.121-05:00  INFO 21284 --- [demo] [Thread-37] o.s.boot.tomcat.GracefulShutdown         : Commencing graceful shutdown. Waiting for active requests to complete
2026-09-29T10:33:18.046-05:00  INFO 21284 --- [demo] [tomcat-shutdown] o.s.boot.tomcat.GracefulShutdown         : Graceful shutdown complete
2026-09-29T10:33:18.245-05:00  INFO 21284 --- [demo] [restartedMain] com.spring.demo.DemoApplication          : Starting DemoApplication using Java 17.0.20.1 with PID 21284 (C:\Users\EthanWilson\Git_Repos\demo\target\classes started by EthanWilson in C:\Users\EthanWilson\Git_Repos\demo)
2026-09-29T10:33:18.249-05:00  INFO 21284 --- [demo] [restartedMain] com.spring.demo.DemoApplication          : No active profile set, falling back to 1 default profile: "default"
2026-09-29T10:33:19.073-05:00  INFO 21284 --- [demo] [restartedMain] o.s.boot.tomcat.TomcatWebServer          : Tomcat initialized with port 8080 (http)
2026-09-29T10:33:19.078-05:00  INFO 21284 --- [demo] [restartedMain] o.apache.catalina.core.StandardService   : Starting service [Tomcat]
2026-09-29T10:33:19.081-05:00  INFO 21284 --- [demo] [restartedMain] o.apache.catalina.core.StandardEngine    : Starting Servlet engine: [Apache Tomcat/11.0.24]
2026-09-29T10:33:19.133-05:00  INFO 21284 --- [demo] [restartedMain] b.w.c.s.WebApplicationContextInitializer : Root WebApplicationContext: initialization completed in 875 ms
2026-09-29T10:33:19.476-05:00  INFO 21284 --- [demo] [restartedMain] o.s.boot.tomcat.TomcatWebServer          : Tomcat started on port 8080 (http) with context path '/'
2026-09-29T10:33:19.757-05:00  INFO 21284 --- [demo] [restartedMain] o.s.b.a.e.web.EndpointLinksResolver      : Exposing 13 endpoints beneath base path '/actuator'
2026-09-29T10:33:19.826-05:00  INFO 21284 --- [demo] [restartedMain] com.spring.demo.DemoApplication          : Started DemoApplication in 1.67 seconds (process running for 842.711)
2026-09-29T10:33:19.905-05:00  INFO 21284 --- [demo] [restartedMain] .ConditionEvaluationDeltaLoggingListener : Condition evaluation unchanged
2026-09-29T10:33:22.882-05:00  INFO 21284 --- [demo] [File Watcher] rtingClassPathChangeChangedEventListener : Restarting due to 1 class path change (0 additions, 0 deletions, 1 modification)
2026-09-29T10:33:22.886-05:00  INFO 21284 --- [demo] [Thread-41] o.s.boot.tomcat.GracefulShutdown         : Commencing graceful shutdown. Waiting for active requests to complete
2026-09-29T10:33:23.496-05:00  INFO 21284 --- [demo] [tomcat-shutdown] o.s.boot.tomcat.GracefulShutdown         : Graceful shutdown complete
2026-09-29T10:33:23.613-05:00  INFO 21284 --- [demo] [restartedMain] com.spring.demo.DemoApplication          : Starting DemoApplication using Java 17.0.20.1 with PID 21284 (C:\Users\EthanWilson\Git_Repos\demo\target\classes started by EthanWilson in C:\Users\EthanWilson\Git_Repos\demo)
2026-09-29T10:33:23.616-05:00  INFO 21284 --- [demo] [restartedMain] com.spring.demo.DemoApplication          : No active profile set, falling back to 1 default profile: "default"
2026-09-29T10:33:24.093-05:00  INFO 21284 --- [demo] [restartedMain] o.s.boot.tomcat.TomcatWebServer          : Tomcat initialized with port 8080 (http)
2026-09-29T10:33:24.097-05:00  INFO 21284 --- [demo] [restartedMain] o.apache.catalina.core.StandardService   : Starting service [Tomcat]
2026-09-29T10:33:24.097-05:00  INFO 21284 --- [demo] [restartedMain] o.apache.catalina.core.StandardEngine    : Starting Servlet engine: [Apache Tomcat/11.0.24]
2026-09-29T10:33:24.157-05:00  INFO 21284 --- [demo] [restartedMain] b.w.c.s.WebApplicationContextInitializer : Root WebApplicationContext: initialization completed in 537 ms
2026-09-29T10:33:24.266-05:00  INFO 21284 --- [demo] [restartedMain] o.s.boot.tomcat.TomcatWebServer          : Tomcat started on port 8080 (http) with context path '/'
2026-09-29T10:33:24.408-05:00  INFO 21284 --- [demo] [restartedMain] o.s.b.a.e.web.EndpointLinksResolver      : Exposing 13 endpoints beneath base path '/actuator'
2026-09-29T10:33:24.413-05:00  INFO 21284 --- [demo] [restartedMain] com.spring.demo.DemoApplication          : Started DemoApplication in 0.831 seconds (process running for 847.298)
2026-09-29T10:33:24.415-05:00  INFO 21284 --- [demo] [restartedMain] .ConditionEvaluationDeltaLoggingListener : Condition evaluation unchanged
2026-09-29T10:33:37.977-05:00  INFO 21284 --- [demo] [File Watcher] rtingClassPathChangeChangedEventListener : Restarting due to 1 class path change (0 additions, 0 deletions, 1 modification)
2026-09-29T10:33:37.980-05:00  INFO 21284 --- [demo] [Thread-45] o.s.boot.tomcat.GracefulShutdown         : Commencing graceful shutdown. Waiting for active requests to complete
2026-09-29T10:33:38.914-05:00  INFO 21284 --- [demo] [tomcat-shutdown] o.s.boot.tomcat.GracefulShutdown         : Graceful shutdown complete
2026-09-29T10:33:39.085-05:00  INFO 21284 --- [demo] [restartedMain] com.spring.demo.DemoApplication          : Starting DemoApplication using Java 17.0.20.1 with PID 21284 (C:\Users\EthanWilson\Git_Repos\demo\target\classes started by EthanWilson in C:\Users\EthanWilson\Git_Repos\demo)
2026-09-29T10:33:39.087-05:00  INFO 21284 --- [demo] [restartedMain] com.spring.demo.DemoApplication          : No active profile set, falling back to 1 default profile: "default"
2026-09-29T10:33:40.176-05:00  INFO 21284 --- [demo] [restartedMain] o.s.boot.tomcat.TomcatWebServer          : Tomcat initialized with port 8080 (http)
2026-09-29T10:33:40.181-05:00  INFO 21284 --- [demo] [restartedMain] o.apache.catalina.core.StandardService   : Starting service [Tomcat]
2026-09-29T10:33:40.181-05:00  INFO 21284 --- [demo] [restartedMain] o.apache.catalina.core.StandardEngine    : Starting Servlet engine: [Apache Tomcat/11.0.24]
2026-09-29T10:33:40.256-05:00  INFO 21284 --- [demo] [restartedMain] b.w.c.s.WebApplicationContextInitializer : Root WebApplicationContext: initialization completed in 1162 ms
2026-09-29T10:33:40.567-05:00  INFO 21284 --- [demo] [restartedMain] o.s.boot.tomcat.TomcatWebServer          : Tomcat started on port 8080 (http) with context path '/'
2026-09-29T10:33:40.789-05:00  INFO 21284 --- [demo] [restartedMain] o.s.b.a.e.web.EndpointLinksResolver      : Exposing 13 endpoints beneath base path '/actuator'
2026-09-29T10:33:40.793-05:00  INFO 21284 --- [demo] [restartedMain] com.spring.demo.DemoApplication          : Started DemoApplication in 1.79 seconds (process running for 863.679)
2026-09-29T10:33:40.796-05:00  INFO 21284 --- [demo] [restartedMain] .ConditionEvaluationDeltaLoggingListener : Condition evaluation unchanged
2026-09-29T10:33:41.850-05:00  INFO 21284 --- [demo] [File Watcher] rtingClassPathChangeChangedEventListener : Restarting due to 1 class path change (0 additions, 0 deletions, 1 modification)
2026-09-29T10:33:41.854-05:00  INFO 21284 --- [demo] [Thread-49] o.s.boot.tomcat.GracefulShutdown         : Commencing graceful shutdown. Waiting for active requests to complete
2026-09-29T10:33:42.519-05:00  INFO 21284 --- [demo] [tomcat-shutdown] o.s.boot.tomcat.GracefulShutdown         : Graceful shutdown complete
2026-09-29T10:33:42.693-05:00  INFO 21284 --- [demo] [restartedMain] com.spring.demo.DemoApplication          : Starting DemoApplication using Java 17.0.20.1 with PID 21284 (C:\Users\EthanWilson\Git_Repos\demo\target\classes started by EthanWilson in C:\Users\EthanWilson\Git_Repos\demo)
2026-09-29T10:33:42.693-05:00  INFO 21284 --- [demo] [restartedMain] com.spring.demo.DemoApplication          : No active profile set, falling back to 1 default profile: "default"
2026-09-29T10:33:43.433-05:00  INFO 21284 --- [demo] [restartedMain] o.s.boot.tomcat.TomcatWebServer          : Tomcat initialized with port 8080 (http)
2026-09-29T10:33:43.434-05:00  INFO 21284 --- [demo] [restartedMain] o.apache.catalina.core.StandardService   : Starting service [Tomcat]
2026-09-29T10:33:43.435-05:00  INFO 21284 --- [demo] [restartedMain] o.apache.catalina.core.StandardEngine    : Starting Servlet engine: [Apache Tomcat/11.0.24]
2026-09-29T10:33:43.458-05:00  INFO 21284 --- [demo] [restartedMain] b.w.c.s.WebApplicationContextInitializer : Root WebApplicationContext: initialization completed in 762 ms
2026-09-29T10:33:43.626-05:00  INFO 21284 --- [demo] [restartedMain] o.s.boot.tomcat.TomcatWebServer          : Tomcat started on port 8080 (http) with context path '/'
2026-09-29T10:33:43.780-05:00  INFO 21284 --- [demo] [restartedMain] o.s.b.a.e.web.EndpointLinksResolver      : Exposing 13 endpoints beneath base path '/actuator'
2026-09-29T10:33:43.789-05:00  INFO 21284 --- [demo] [restartedMain] com.spring.demo.DemoApplication          : Started DemoApplication in 1.14 seconds (process running for 866.674)
2026-09-29T10:33:43.803-05:00  INFO 21284 --- [demo] [restartedMain] .ConditionEvaluationDeltaLoggingListener : Condition evaluation unchanged
2026-09-29T10:33:45.027-05:00  INFO 21284 --- [demo] [File Watcher] rtingClassPathChangeChangedEventListener : Restarting due to 1 class path change (0 additions, 0 deletions, 1 modification)
2026-09-29T10:33:45.029-05:00  INFO 21284 --- [demo] [Thread-53] o.s.boot.tomcat.GracefulShutdown         : Commencing graceful shutdown. Waiting for active requests to complete
2026-09-29T10:33:45.701-05:00  INFO 21284 --- [demo] [tomcat-shutdown] o.s.boot.tomcat.GracefulShutdown         : Graceful shutdown complete
2026-09-29T10:33:45.837-05:00  INFO 21284 --- [demo] [restartedMain] com.spring.demo.DemoApplication          : Starting DemoApplication using Java 17.0.20.1 with PID 21284 (C:\Users\EthanWilson\Git_Repos\demo\target\classes started by EthanWilson in C:\Users\EthanWilson\Git_Repos\demo)
2026-09-29T10:33:45.837-05:00  INFO 21284 --- [demo] [restartedMain] com.spring.demo.DemoApplication          : No active profile set, falling back to 1 default profile: "default"
2026-09-29T10:33:46.854-05:00  INFO 21284 --- [demo] [restartedMain] o.s.boot.tomcat.TomcatWebServer          : Tomcat initialized with port 8080 (http)
2026-09-29T10:33:46.855-05:00  INFO 21284 --- [demo] [restartedMain] o.apache.catalina.core.StandardService   : Starting service [Tomcat]
2026-09-29T10:33:46.855-05:00  INFO 21284 --- [demo] [restartedMain] o.apache.catalina.core.StandardEngine    : Starting Servlet engine: [Apache Tomcat/11.0.24]
2026-09-29T10:33:46.910-05:00  INFO 21284 --- [demo] [restartedMain] b.w.c.s.WebApplicationContextInitializer : Root WebApplicationContext: initialization completed in 1071 ms
2026-09-29T10:33:47.573-05:00  INFO 21284 --- [demo] [restartedMain] o.s.boot.tomcat.TomcatWebServer          : Tomcat started on port 8080 (http) with context path '/'
2026-09-29T10:33:48.300-05:00  INFO 21284 --- [demo] [restartedMain] o.s.b.a.e.web.EndpointLinksResolver      : Exposing 13 endpoints beneath base path '/actuator'
2026-09-29T10:33:48.321-05:00  INFO 21284 --- [demo] [restartedMain] com.spring.demo.DemoApplication          : Started DemoApplication in 2.54 seconds (process running for 871.206)
2026-09-29T10:33:48.328-05:00  INFO 21284 --- [demo] [restartedMain] .ConditionEvaluationDeltaLoggingListener : Condition evaluation unchanged
2026-09-29T10:33:48.918-05:00  INFO 21284 --- [demo] [File Watcher] rtingClassPathChangeChangedEventListener : Restarting due to 1 class path change (0 additions, 0 deletions, 1 modification)
2026-09-29T10:33:48.958-05:00  INFO 21284 --- [demo] [Thread-57] o.s.boot.tomcat.GracefulShutdown         : Commencing graceful shutdown. Waiting for active requests to complete
2026-09-29T10:33:49.673-05:00  INFO 21284 --- [demo] [tomcat-shutdown] o.s.boot.tomcat.GracefulShutdown         : Graceful shutdown complete
2026-09-29T10:33:49.822-05:00  INFO 21284 --- [demo] [restartedMain] com.spring.demo.DemoApplication          : Starting DemoApplication using Java 17.0.20.1 with PID 21284 (C:\Users\EthanWilson\Git_Repos\demo\target\classes started by EthanWilson in C:\Users\EthanWilson\Git_Repos\demo)
2026-09-29T10:33:49.823-05:00  INFO 21284 --- [demo] [restartedMain] com.spring.demo.DemoApplication          : No active profile set, falling back to 1 default profile: "default"
2026-09-29T10:33:50.695-05:00  INFO 21284 --- [demo] [restartedMain] o.s.boot.tomcat.TomcatWebServer          : Tomcat initialized with port 8080 (http)
2026-09-29T10:33:50.698-05:00  INFO 21284 --- [demo] [restartedMain] o.apache.catalina.core.StandardService   : Starting service [Tomcat]
2026-09-29T10:33:50.699-05:00  INFO 21284 --- [demo] [restartedMain] o.apache.catalina.core.StandardEngine    : Starting Servlet engine: [Apache Tomcat/11.0.24]
2026-09-29T10:33:50.737-05:00  INFO 21284 --- [demo] [restartedMain] b.w.c.s.WebApplicationContextInitializer : Root WebApplicationContext: initialization completed in 912 ms
2026-09-29T10:33:51.024-05:00  INFO 21284 --- [demo] [restartedMain] o.s.boot.tomcat.TomcatWebServer          : Tomcat started on port 8080 (http) with context path '/'
2026-09-29T10:33:51.284-05:00  INFO 21284 --- [demo] [restartedMain] o.s.b.a.e.web.EndpointLinksResolver      : Exposing 13 endpoints beneath base path '/actuator'
2026-09-29T10:33:51.294-05:00  INFO 21284 --- [demo] [restartedMain] com.spring.demo.DemoApplication          : Started DemoApplication in 1.52 seconds (process running for 874.179)
2026-09-29T10:33:51.300-05:00  INFO 21284 --- [demo] [restartedMain] .ConditionEvaluationDeltaLoggingListener : Condition evaluation unchanged
2026-09-29T10:33:52.367-05:00  INFO 21284 --- [demo] [File Watcher] rtingClassPathChangeChangedEventListener : Restarting due to 1 class path change (0 additions, 0 deletions, 1 modification)
2026-09-29T10:33:52.368-05:00  INFO 21284 --- [demo] [Thread-61] o.s.boot.tomcat.GracefulShutdown         : Commencing graceful shutdown. Waiting for active requests to complete
2026-09-29T10:33:53.351-05:00  INFO 21284 --- [demo] [tomcat-shutdown] o.s.boot.tomcat.GracefulShutdown         : Graceful shutdown complete
2026-09-29T10:33:53.489-05:00  INFO 21284 --- [demo] [restartedMain] com.spring.demo.DemoApplication          : Starting DemoApplication using Java 17.0.20.1 with PID 21284 (C:\Users\EthanWilson\Git_Repos\demo\target\classes started by EthanWilson in C:\Users\EthanWilson\Git_Repos\demo)
2026-09-29T10:33:53.490-05:00  INFO 21284 --- [demo] [restartedMain] com.spring.demo.DemoApplication          : No active profile set, falling back to 1 default profile: "default"
2026-09-29T10:33:54.691-05:00  INFO 21284 --- [demo] [restartedMain] o.s.boot.tomcat.TomcatWebServer          : Tomcat initialized with port 8080 (http)
2026-09-29T10:33:54.707-05:00  INFO 21284 --- [demo] [restartedMain] o.apache.catalina.core.StandardService   : Starting service [Tomcat]
2026-09-29T10:33:54.719-05:00  INFO 21284 --- [demo] [restartedMain] o.apache.catalina.core.StandardEngine    : Starting Servlet engine: [Apache Tomcat/11.0.24]
2026-09-29T10:33:54.768-05:00  INFO 21284 --- [demo] [restartedMain] b.w.c.s.WebApplicationContextInitializer : Root WebApplicationContext: initialization completed in 1277 ms
2026-09-29T10:33:54.986-05:00  INFO 21284 --- [demo] [restartedMain] o.s.boot.tomcat.TomcatWebServer          : Tomcat started on port 8080 (http) with context path '/'
2026-09-29T10:33:55.182-05:00  INFO 21284 --- [demo] [restartedMain] o.s.b.a.e.web.EndpointLinksResolver      : Exposing 13 endpoints beneath base path '/actuator'
2026-09-29T10:33:55.186-05:00  INFO 21284 --- [demo] [restartedMain] com.spring.demo.DemoApplication          : Started DemoApplication in 1.737 seconds (process running for 878.071)
2026-09-29T10:33:55.188-05:00  INFO 21284 --- [demo] [restartedMain] .ConditionEvaluationDeltaLoggingListener : Condition evaluation unchanged
2026-09-29T10:33:56.392-05:00  INFO 21284 --- [demo] [File Watcher] rtingClassPathChangeChangedEventListener : Restarting due to 1 class path change (0 additions, 0 deletions, 1 modification)
2026-09-29T10:33:56.394-05:00  INFO 21284 --- [demo] [Thread-65] o.s.boot.tomcat.GracefulShutdown         : Commencing graceful shutdown. Waiting for active requests to complete
2026-09-29T10:33:57.109-05:00  INFO 21284 --- [demo] [tomcat-shutdown] o.s.boot.tomcat.GracefulShutdown         : Graceful shutdown complete
2026-09-29T10:33:57.479-05:00  INFO 21284 --- [demo] [restartedMain] com.spring.demo.DemoApplication          : Starting DemoApplication using Java 17.0.20.1 with PID 21284 (C:\Users\EthanWilson\Git_Repos\demo\target\classes started by EthanWilson in C:\Users\EthanWilson\Git_Repos\demo)
2026-09-29T10:33:57.483-05:00  INFO 21284 --- [demo] [restartedMain] com.spring.demo.DemoApplication          : No active profile set, falling back to 1 default profile: "default"
2026-09-29T10:33:58.303-05:00  INFO 21284 --- [demo] [restartedMain] o.s.boot.tomcat.TomcatWebServer          : Tomcat initialized with port 8080 (http)
2026-09-29T10:33:58.346-05:00  INFO 21284 --- [demo] [restartedMain] o.apache.catalina.core.StandardService   : Starting service [Tomcat]
2026-09-29T10:33:58.405-05:00  INFO 21284 --- [demo] [restartedMain] o.apache.catalina.core.StandardEngine    : Starting Servlet engine: [Apache Tomcat/11.0.24]
2026-09-29T10:33:58.557-05:00  INFO 21284 --- [demo] [restartedMain] b.w.c.s.WebApplicationContextInitializer : Root WebApplicationContext: initialization completed in 1064 ms
2026-09-29T10:33:58.832-05:00  INFO 21284 --- [demo] [restartedMain] o.s.boot.tomcat.TomcatWebServer          : Tomcat started on port 8080 (http) with context path '/'
2026-09-29T10:33:59.089-05:00  INFO 21284 --- [demo] [restartedMain] o.s.b.a.e.web.EndpointLinksResolver      : Exposing 13 endpoints beneath base path '/actuator'
2026-09-29T10:33:59.093-05:00  INFO 21284 --- [demo] [restartedMain] com.spring.demo.DemoApplication          : Started DemoApplication in 1.671 seconds (process running for 881.978)
2026-09-29T10:33:59.095-05:00  INFO 21284 --- [demo] [restartedMain] .ConditionEvaluationDeltaLoggingListener : Condition evaluation unchanged
2026-09-29T10:34:00.224-05:00  INFO 21284 --- [demo] [File Watcher] rtingClassPathChangeChangedEventListener : Restarting due to 1 class path change (0 additions, 0 deletions, 1 modification)
2026-09-29T10:34:00.298-05:00  INFO 21284 --- [demo] [Thread-69] o.s.boot.tomcat.GracefulShutdown         : Commencing graceful shutdown. Waiting for active requests to complete
2026-09-29T10:34:01.431-05:00  INFO 21284 --- [demo] [tomcat-shutdown] o.s.boot.tomcat.GracefulShutdown         : Graceful shutdown complete
2026-09-29T10:34:01.691-05:00  INFO 21284 --- [demo] [restartedMain] com.spring.demo.DemoApplication          : Starting DemoApplication using Java 17.0.20.1 with PID 21284 (C:\Users\EthanWilson\Git_Repos\demo\target\classes started by EthanWilson in C:\Users\EthanWilson\Git_Repos\demo)
2026-09-29T10:34:01.694-05:00  INFO 21284 --- [demo] [restartedMain] com.spring.demo.DemoApplication          : No active profile set, falling back to 1 default profile: "default"
2026-09-29T10:34:02.263-05:00  INFO 21284 --- [demo] [restartedMain] o.s.boot.tomcat.TomcatWebServer          : Tomcat initialized with port 8080 (http)
2026-09-29T10:34:02.264-05:00  INFO 21284 --- [demo] [restartedMain] o.apache.catalina.core.StandardService   : Starting service [Tomcat]
2026-09-29T10:34:02.264-05:00  INFO 21284 --- [demo] [restartedMain] o.apache.catalina.core.StandardEngine    : Starting Servlet engine: [Apache Tomcat/11.0.24]
2026-09-29T10:34:02.296-05:00  INFO 21284 --- [demo] [restartedMain] b.w.c.s.WebApplicationContextInitializer : Root WebApplicationContext: initialization completed in 599 ms
2026-09-29T10:34:02.540-05:00  INFO 21284 --- [demo] [restartedMain] o.s.boot.tomcat.TomcatWebServer          : Tomcat started on port 8080 (http) with context path '/'
2026-09-29T10:34:02.817-05:00  INFO 21284 --- [demo] [restartedMain] o.s.b.a.e.web.EndpointLinksResolver      : Exposing 13 endpoints beneath base path '/actuator'
2026-09-29T10:34:02.853-05:00  INFO 21284 --- [demo] [restartedMain] com.spring.demo.DemoApplication          : Started DemoApplication in 1.24 seconds (process running for 885.738)
2026-09-29T10:34:02.872-05:00  INFO 21284 --- [demo] [restartedMain] .ConditionEvaluationDeltaLoggingListener : Condition evaluation unchanged
2026-09-29T10:34:03.925-05:00  INFO 21284 --- [demo] [File Watcher] rtingClassPathChangeChangedEventListener : Restarting due to 1 class path change (0 additions, 0 deletions, 1 modification)
2026-09-29T10:34:03.947-05:00  INFO 21284 --- [demo] [Thread-73] o.s.boot.tomcat.GracefulShutdown         : Commencing graceful shutdown. Waiting for active requests to complete
2026-09-29T10:34:05.935-05:00  INFO 21284 --- [demo] [tomcat-shutdown] o.s.boot.tomcat.GracefulShutdown         : Graceful shutdown complete
2026-09-29T10:34:06.138-05:00  INFO 21284 --- [demo] [restartedMain] com.spring.demo.DemoApplication          : Starting DemoApplication using Java 17.0.20.1 with PID 21284 (C:\Users\EthanWilson\Git_Repos\demo\target\classes started by EthanWilson in C:\Users\EthanWilson\Git_Repos\demo)
2026-09-29T10:34:06.146-05:00  INFO 21284 --- [demo] [restartedMain] com.spring.demo.DemoApplication          : No active profile set, falling back to 1 default profile: "default"
2026-09-29T10:34:07.635-05:00  INFO 21284 --- [demo] [restartedMain] o.s.boot.tomcat.TomcatWebServer          : Tomcat initialized with port 8080 (http)
2026-09-29T10:34:07.651-05:00  INFO 21284 --- [demo] [restartedMain] o.apache.catalina.core.StandardService   : Starting service [Tomcat]
2026-09-29T10:34:07.781-05:00  INFO 21284 --- [demo] [restartedMain] o.apache.catalina.core.StandardEngine    : Starting Servlet engine: [Apache Tomcat/11.0.24]
2026-09-29T10:34:07.894-05:00  INFO 21284 --- [demo] [restartedMain] b.w.c.s.WebApplicationContextInitializer : Root WebApplicationContext: initialization completed in 1727 ms
2026-09-29T10:34:08.245-05:00  INFO 21284 --- [demo] [restartedMain] o.s.boot.tomcat.TomcatWebServer          : Tomcat started on port 8080 (http) with context path '/'
2026-09-29T10:34:09.217-05:00  INFO 21284 --- [demo] [restartedMain] o.s.b.a.e.web.EndpointLinksResolver      : Exposing 13 endpoints beneath base path '/actuator'
2026-09-29T10:34:09.238-05:00  INFO 21284 --- [demo] [restartedMain] com.spring.demo.DemoApplication          : Started DemoApplication in 3.164 seconds (process running for 892.124)
2026-09-29T10:34:09.245-05:00  INFO 21284 --- [demo] [restartedMain] .ConditionEvaluationDeltaLoggingListener : Condition evaluation unchanged
2026-09-29T10:34:09.598-05:00  INFO 21284 --- [demo] [File Watcher] rtingClassPathChangeChangedEventListener : Restarting due to 1 class path change (0 additions, 0 deletions, 1 modification)
2026-09-29T10:34:09.603-05:00  INFO 21284 --- [demo] [Thread-77] o.s.boot.tomcat.GracefulShutdown         : Commencing graceful shutdown. Waiting for active requests to complete
2026-09-29T10:34:10.425-05:00  INFO 21284 --- [demo] [tomcat-shutdown] o.s.boot.tomcat.GracefulShutdown         : Graceful shutdown complete
2026-09-29T10:34:10.661-05:00  INFO 21284 --- [demo] [restartedMain] com.spring.demo.DemoApplication          : Starting DemoApplication using Java 17.0.20.1 with PID 21284 (C:\Users\EthanWilson\Git_Repos\demo\target\classes started by EthanWilson in C:\Users\EthanWilson\Git_Repos\demo)
2026-09-29T10:34:10.668-05:00  INFO 21284 --- [demo] [restartedMain] com.spring.demo.DemoApplication          : No active profile set, falling back to 1 default profile: "default"
2026-09-29T10:34:11.321-05:00  INFO 21284 --- [demo] [restartedMain] o.s.boot.tomcat.TomcatWebServer          : Tomcat initialized with port 8080 (http)
2026-09-29T10:34:11.323-05:00  INFO 21284 --- [demo] [restartedMain] o.apache.catalina.core.StandardService   : Starting service [Tomcat]
2026-09-29T10:34:11.324-05:00  INFO 21284 --- [demo] [restartedMain] o.apache.catalina.core.StandardEngine    : Starting Servlet engine: [Apache Tomcat/11.0.24]
2026-09-29T10:34:11.357-05:00  INFO 21284 --- [demo] [restartedMain] b.w.c.s.WebApplicationContextInitializer : Root WebApplicationContext: initialization completed in 684 ms
2026-09-29T10:34:11.465-05:00  INFO 21284 --- [demo] [restartedMain] o.s.boot.tomcat.TomcatWebServer          : Tomcat started on port 8080 (http) with context path '/'
2026-09-29T10:34:11.602-05:00  INFO 21284 --- [demo] [restartedMain] o.s.b.a.e.web.EndpointLinksResolver      : Exposing 13 endpoints beneath base path '/actuator'
2026-09-29T10:34:11.607-05:00  INFO 21284 --- [demo] [restartedMain] com.spring.demo.DemoApplication          : Started DemoApplication in 1.048 seconds (process running for 894.493)
2026-09-29T10:34:11.611-05:00  INFO 21284 --- [demo] [restartedMain] .ConditionEvaluationDeltaLoggingListener : Condition evaluation unchanged
2026-09-29T10:34:12.857-05:00  INFO 21284 --- [demo] [File Watcher] rtingClassPathChangeChangedEventListener : Restarting due to 1 class path change (0 additions, 0 deletions, 1 modification)
2026-09-29T10:34:12.869-05:00  INFO 21284 --- [demo] [Thread-81] o.s.boot.tomcat.GracefulShutdown         : Commencing graceful shutdown. Waiting for active requests to complete
2026-09-29T10:34:13.887-05:00  INFO 21284 --- [demo] [tomcat-shutdown] o.s.boot.tomcat.GracefulShutdown         : Graceful shutdown complete
2026-09-29T10:34:14.057-05:00  INFO 21284 --- [demo] [restartedMain] com.spring.demo.DemoApplication          : Starting DemoApplication using Java 17.0.20.1 with PID 21284 (C:\Users\EthanWilson\Git_Repos\demo\target\classes started by EthanWilson in C:\Users\EthanWilson\Git_Repos\demo)
2026-09-29T10:34:14.057-05:00  INFO 21284 --- [demo] [restartedMain] com.spring.demo.DemoApplication          : No active profile set, falling back to 1 default profile: "default"
2026-09-29T10:34:14.873-05:00  INFO 21284 --- [demo] [restartedMain] o.s.boot.tomcat.TomcatWebServer          : Tomcat initialized with port 8080 (http)
2026-09-29T10:34:14.874-05:00  INFO 21284 --- [demo] [restartedMain] o.apache.catalina.core.StandardService   : Starting service [Tomcat]
2026-09-29T10:34:14.874-05:00  INFO 21284 --- [demo] [restartedMain] o.apache.catalina.core.StandardEngine    : Starting Servlet engine: [Apache Tomcat/11.0.24]
2026-09-29T10:34:14.922-05:00  INFO 21284 --- [demo] [restartedMain] b.w.c.s.WebApplicationContextInitializer : Root WebApplicationContext: initialization completed in 863 ms
2026-09-29T10:34:15.057-05:00  INFO 21284 --- [demo] [restartedMain] o.s.boot.tomcat.TomcatWebServer          : Tomcat started on port 8080 (http) with context path '/'
2026-09-29T10:34:15.198-05:00  INFO 21284 --- [demo] [restartedMain] o.s.b.a.e.web.EndpointLinksResolver      : Exposing 13 endpoints beneath base path '/actuator'
2026-09-29T10:34:15.203-05:00  INFO 21284 --- [demo] [restartedMain] com.spring.demo.DemoApplication          : Started DemoApplication in 1.203 seconds (process running for 898.089)
2026-09-29T10:34:15.216-05:00  INFO 21284 --- [demo] [restartedMain] .ConditionEvaluationDeltaLoggingListener : Condition evaluation unchanged
2026-09-29T10:34:18.491-05:00  INFO 21284 --- [demo] [File Watcher] rtingClassPathChangeChangedEventListener : Restarting due to 1 class path change (0 additions, 0 deletions, 1 modification)
2026-09-29T10:34:18.494-05:00  INFO 21284 --- [demo] [Thread-85] o.s.boot.tomcat.GracefulShutdown         : Commencing graceful shutdown. Waiting for active requests to complete
2026-09-29T10:34:19.113-05:00  INFO 21284 --- [demo] [tomcat-shutdown] o.s.boot.tomcat.GracefulShutdown         : Graceful shutdown complete
2026-09-29T10:34:19.274-05:00  INFO 21284 --- [demo] [restartedMain] com.spring.demo.DemoApplication          : Starting DemoApplication using Java 17.0.20.1 with PID 21284 (C:\Users\EthanWilson\Git_Repos\demo\target\classes started by EthanWilson in C:\Users\EthanWilson\Git_Repos\demo)
2026-09-29T10:34:19.275-05:00  INFO 21284 --- [demo] [restartedMain] com.spring.demo.DemoApplication          : No active profile set, falling back to 1 default profile: "default"
2026-09-29T10:34:19.916-05:00  INFO 21284 --- [demo] [restartedMain] o.s.boot.tomcat.TomcatWebServer          : Tomcat initialized with port 8080 (http)
2026-09-29T10:34:19.917-05:00  INFO 21284 --- [demo] [restartedMain] o.apache.catalina.core.StandardService   : Starting service [Tomcat]
2026-09-29T10:34:19.918-05:00  INFO 21284 --- [demo] [restartedMain] o.apache.catalina.core.StandardEngine    : Starting Servlet engine: [Apache Tomcat/11.0.24]
2026-09-29T10:34:19.958-05:00  INFO 21284 --- [demo] [restartedMain] b.w.c.s.WebApplicationContextInitializer : Root WebApplicationContext: initialization completed in 682 ms
2026-09-29T10:34:20.117-05:00  INFO 21284 --- [demo] [restartedMain] o.s.boot.tomcat.TomcatWebServer          : Tomcat started on port 8080 (http) with context path '/'
2026-09-29T10:34:20.266-05:00  INFO 21284 --- [demo] [restartedMain] o.s.b.a.e.web.EndpointLinksResolver      : Exposing 13 endpoints beneath base path '/actuator'
2026-09-29T10:34:20.274-05:00  INFO 21284 --- [demo] [restartedMain] com.spring.demo.DemoApplication          : Started DemoApplication in 1.043 seconds (process running for 903.16)
2026-09-29T10:34:20.279-05:00  INFO 21284 --- [demo] [restartedMain] .ConditionEvaluationDeltaLoggingListener : Condition evaluation unchanged
2026-09-29T10:34:25.576-05:00  INFO 21284 --- [demo] [File Watcher] rtingClassPathChangeChangedEventListener : Restarting due to 1 class path change (0 additions, 0 deletions, 1 modification)
2026-09-29T10:34:25.577-05:00  INFO 21284 --- [demo] [Thread-89] o.s.boot.tomcat.GracefulShutdown         : Commencing graceful shutdown. Waiting for active requests to complete
2026-09-29T10:34:26.324-05:00  INFO 21284 --- [demo] [tomcat-shutdown] o.s.boot.tomcat.GracefulShutdown         : Graceful shutdown complete
2026-09-29T10:34:26.493-05:00  INFO 21284 --- [demo] [restartedMain] com.spring.demo.DemoApplication          : Starting DemoApplication using Java 17.0.20.1 with PID 21284 (C:\Users\EthanWilson\Git_Repos\demo\target\classes started by EthanWilson in C:\Users\EthanWilson\Git_Repos\demo)
2026-09-29T10:34:26.494-05:00  INFO 21284 --- [demo] [restartedMain] com.spring.demo.DemoApplication          : No active profile set, falling back to 1 default profile: "default"
2026-09-29T10:34:27.048-05:00  INFO 21284 --- [demo] [restartedMain] o.s.boot.tomcat.TomcatWebServer          : Tomcat initialized with port 8080 (http)
2026-09-29T10:34:27.049-05:00  INFO 21284 --- [demo] [restartedMain] o.apache.catalina.core.StandardService   : Starting service [Tomcat]
2026-09-29T10:34:27.050-05:00  INFO 21284 --- [demo] [restartedMain] o.apache.catalina.core.StandardEngine    : Starting Servlet engine: [Apache Tomcat/11.0.24]
2026-09-29T10:34:27.071-05:00  INFO 21284 --- [demo] [restartedMain] b.w.c.s.WebApplicationContextInitializer : Root WebApplicationContext: initialization completed in 575 ms
2026-09-29T10:34:27.194-05:00  INFO 21284 --- [demo] [restartedMain] o.s.boot.tomcat.TomcatWebServer          : Tomcat started on port 8080 (http) with context path '/'
2026-09-29T10:34:27.320-05:00  INFO 21284 --- [demo] [restartedMain] o.s.b.a.e.web.EndpointLinksResolver      : Exposing 13 endpoints beneath base path '/actuator'
2026-09-29T10:34:27.323-05:00  INFO 21284 --- [demo] [restartedMain] com.spring.demo.DemoApplication          : Started DemoApplication in 0.865 seconds (process running for 910.209)
2026-09-29T10:34:27.325-05:00  INFO 21284 --- [demo] [restartedMain] .ConditionEvaluationDeltaLoggingListener : Condition evaluation unchanged
2026-09-29T10:34:41.922-05:00  INFO 21284 --- [demo] [File Watcher] rtingClassPathChangeChangedEventListener : Restarting due to 2 class path changes (0 additions, 0 deletions, 2 modifications)
2026-09-29T10:34:41.924-05:00  INFO 21284 --- [demo] [Thread-93] o.s.boot.tomcat.GracefulShutdown         : Commencing graceful shutdown. Waiting for active requests to complete
2026-09-29T10:34:42.845-05:00  INFO 21284 --- [demo] [tomcat-shutdown] o.s.boot.tomcat.GracefulShutdown         : Graceful shutdown complete
2026-09-29T10:34:43.004-05:00  INFO 21284 --- [demo] [restartedMain] com.spring.demo.DemoApplication          : Starting DemoApplication using Java 17.0.20.1 with PID 21284 (C:\Users\EthanWilson\Git_Repos\demo\target\classes started by EthanWilson in C:\Users\EthanWilson\Git_Repos\demo)
2026-09-29T10:34:43.004-05:00  INFO 21284 --- [demo] [restartedMain] com.spring.demo.DemoApplication          : No active profile set, falling back to 1 default profile: "default"
2026-09-29T10:34:43.826-05:00  INFO 21284 --- [demo] [restartedMain] o.s.boot.tomcat.TomcatWebServer          : Tomcat initialized with port 8080 (http)
2026-09-29T10:34:43.829-05:00  INFO 21284 --- [demo] [restartedMain] o.apache.catalina.core.StandardService   : Starting service [Tomcat]
2026-09-29T10:34:43.833-05:00  INFO 21284 --- [demo] [restartedMain] o.apache.catalina.core.StandardEngine    : Starting Servlet engine: [Apache Tomcat/11.0.24]
2026-09-29T10:34:43.934-05:00  INFO 21284 --- [demo] [restartedMain] b.w.c.s.WebApplicationContextInitializer : Root WebApplicationContext: initialization completed in 927 ms
2026-09-29T10:34:44.183-05:00  INFO 21284 --- [demo] [restartedMain] o.s.boot.tomcat.TomcatWebServer          : Tomcat started on port 8080 (http) with context path '/'
2026-09-29T10:34:44.424-05:00  INFO 21284 --- [demo] [restartedMain] o.s.b.a.e.web.EndpointLinksResolver      : Exposing 13 endpoints beneath base path '/actuator'
2026-09-29T10:34:44.430-05:00  INFO 21284 --- [demo] [restartedMain] com.spring.demo.DemoApplication          : Started DemoApplication in 1.454 seconds (process running for 927.315)
2026-09-29T10:34:44.438-05:00  INFO 21284 --- [demo] [restartedMain] .ConditionEvaluationDeltaLoggingListener : Condition evaluation unchanged
2026-09-29T10:34:56.769-05:00  INFO 21284 --- [demo] [File Watcher] rtingClassPathChangeChangedEventListener : Restarting due to 1 class path change (0 additions, 0 deletions, 1 modification)
2026-09-29T10:34:56.775-05:00  INFO 21284 --- [demo] [Thread-97] o.s.boot.tomcat.GracefulShutdown         : Commencing graceful shutdown. Waiting for active requests to complete
2026-09-29T10:34:57.603-05:00  INFO 21284 --- [demo] [tomcat-shutdown] o.s.boot.tomcat.GracefulShutdown         : Graceful shutdown complete
2026-09-29T10:34:57.860-05:00  INFO 21284 --- [demo] [restartedMain] com.spring.demo.DemoApplication          : Starting DemoApplication using Java 17.0.20.1 with PID 21284 (C:\Users\EthanWilson\Git_Repos\demo\target\classes started by EthanWilson in C:\Users\EthanWilson\Git_Repos\demo)
2026-09-29T10:34:57.861-05:00  INFO 21284 --- [demo] [restartedMain] com.spring.demo.DemoApplication          : No active profile set, falling back to 1 default profile: "default"
2026-09-29T10:34:58.541-05:00  INFO 21284 --- [demo] [restartedMain] o.s.boot.tomcat.TomcatWebServer          : Tomcat initialized with port 8080 (http)
2026-09-29T10:34:58.543-05:00  INFO 21284 --- [demo] [restartedMain] o.apache.catalina.core.StandardService   : Starting service [Tomcat]
2026-09-29T10:34:58.544-05:00  INFO 21284 --- [demo] [restartedMain] o.apache.catalina.core.StandardEngine    : Starting Servlet engine: [Apache Tomcat/11.0.24]
2026-09-29T10:34:58.589-05:00  INFO 21284 --- [demo] [restartedMain] b.w.c.s.WebApplicationContextInitializer : Root WebApplicationContext: initialization completed in 719 ms
2026-09-29T10:34:58.850-05:00  INFO 21284 --- [demo] [restartedMain] o.s.boot.tomcat.TomcatWebServer          : Tomcat started on port 8080 (http) with context path '/'
2026-09-29T10:34:59.004-05:00  INFO 21284 --- [demo] [restartedMain] o.s.b.a.e.web.EndpointLinksResolver      : Exposing 13 endpoints beneath base path '/actuator'
2026-09-29T10:34:59.013-05:00  INFO 21284 --- [demo] [restartedMain] com.spring.demo.DemoApplication          : Started DemoApplication in 1.222 seconds (process running for 941.898)
2026-09-29T10:34:59.021-05:00  INFO 21284 --- [demo] [restartedMain] .ConditionEvaluationDeltaLoggingListener : Condition evaluation unchanged
2026-09-29T10:35:57.514-05:00  INFO 21284 --- [demo] [File Watcher] rtingClassPathChangeChangedEventListener : Restarting due to 1 class path change (0 additions, 0 deletions, 1 modification)
2026-09-29T10:35:57.519-05:00  INFO 21284 --- [demo] [Thread-101] o.s.boot.tomcat.GracefulShutdown         : Commencing graceful shutdown. Waiting for active requests to complete
2026-09-29T10:35:58.263-05:00  INFO 21284 --- [demo] [tomcat-shutdown] o.s.boot.tomcat.GracefulShutdown         : Graceful shutdown complete
2026-09-29T10:35:58.671-05:00  INFO 21284 --- [demo] [restartedMain] com.spring.demo.DemoApplication          : Starting DemoApplication using Java 17.0.20.1 with PID 21284 (C:\Users\EthanWilson\Git_Repos\demo\target\classes started by EthanWilson in C:\Users\EthanWilson\Git_Repos\demo)
2026-09-29T10:35:58.678-05:00  INFO 21284 --- [demo] [restartedMain] com.spring.demo.DemoApplication          : No active profile set, falling back to 1 default profile: "default"
2026-09-29T10:35:59.654-05:00  INFO 21284 --- [demo] [restartedMain] o.s.boot.tomcat.TomcatWebServer          : Tomcat initialized with port 8080 (http)
2026-09-29T10:35:59.655-05:00  INFO 21284 --- [demo] [restartedMain] o.apache.catalina.core.StandardService   : Starting service [Tomcat]
2026-09-29T10:35:59.656-05:00  INFO 21284 --- [demo] [restartedMain] o.apache.catalina.core.StandardEngine    : Starting Servlet engine: [Apache Tomcat/11.0.24]
2026-09-29T10:35:59.689-05:00  INFO 21284 --- [demo] [restartedMain] b.w.c.s.WebApplicationContextInitializer : Root WebApplicationContext: initialization completed in 985 ms
2026-09-29T10:35:59.831-05:00  INFO 21284 --- [demo] [restartedMain] o.s.boot.tomcat.TomcatWebServer          : Tomcat started on port 8080 (http) with context path '/'
2026-09-29T10:35:59.959-05:00  INFO 21284 --- [demo] [restartedMain] o.s.b.a.e.web.EndpointLinksResolver      : Exposing 13 endpoints beneath base path '/actuator'
2026-09-29T10:35:59.965-05:00  INFO 21284 --- [demo] [restartedMain] com.spring.demo.DemoApplication          : Started DemoApplication in 1.526 seconds (process running for 1002.851)
2026-09-29T10:35:59.972-05:00  INFO 21284 --- [demo] [restartedMain] .ConditionEvaluationDeltaLoggingListener : Condition evaluation unchanged
2026-09-29T10:36:04.304-05:00  INFO 21284 --- [demo] [File Watcher] rtingClassPathChangeChangedEventListener : Restarting due to 1 class path change (0 additions, 0 deletions, 1 modification)
2026-09-29T10:36:04.305-05:00  INFO 21284 --- [demo] [Thread-105] o.s.boot.tomcat.GracefulShutdown         : Commencing graceful shutdown. Waiting for active requests to complete
2026-09-29T10:36:05.047-05:00  INFO 21284 --- [demo] [tomcat-shutdown] o.s.boot.tomcat.GracefulShutdown         : Graceful shutdown complete
2026-09-29T10:36:05.341-05:00  INFO 21284 --- [demo] [restartedMain] com.spring.demo.DemoApplication          : Starting DemoApplication using Java 17.0.20.1 with PID 21284 (C:\Users\EthanWilson\Git_Repos\demo\target\classes started by EthanWilson in C:\Users\EthanWilson\Git_Repos\demo)
2026-09-29T10:36:05.341-05:00  INFO 21284 --- [demo] [restartedMain] com.spring.demo.DemoApplication          : No active profile set, falling back to 1 default profile: "default"
2026-09-29T10:36:06.333-05:00  INFO 21284 --- [demo] [restartedMain] o.s.boot.tomcat.TomcatWebServer          : Tomcat initialized with port 8080 (http)
2026-09-29T10:36:06.334-05:00  INFO 21284 --- [demo] [restartedMain] o.apache.catalina.core.StandardService   : Starting service [Tomcat]
2026-09-29T10:36:06.335-05:00  INFO 21284 --- [demo] [restartedMain] o.apache.catalina.core.StandardEngine    : Starting Servlet engine: [Apache Tomcat/11.0.24]
2026-09-29T10:36:06.418-05:00  INFO 21284 --- [demo] [restartedMain] b.w.c.s.WebApplicationContextInitializer : Root WebApplicationContext: initialization completed in 1064 ms
2026-09-29T10:36:06.817-05:00  INFO 21284 --- [demo] [restartedMain] o.s.boot.tomcat.TomcatWebServer          : Tomcat started on port 8080 (http) with context path '/'
2026-09-29T10:36:07.109-05:00  INFO 21284 --- [demo] [restartedMain] o.s.b.a.e.web.EndpointLinksResolver      : Exposing 13 endpoints beneath base path '/actuator'
2026-09-29T10:36:07.115-05:00  INFO 21284 --- [demo] [restartedMain] com.spring.demo.DemoApplication          : Started DemoApplication in 1.878 seconds (process running for 1010.001)
2026-09-29T10:36:07.117-05:00  INFO 21284 --- [demo] [restartedMain] .ConditionEvaluationDeltaLoggingListener : Condition evaluation unchanged
2026-09-29T10:36:08.135-05:00  INFO 21284 --- [demo] [File Watcher] rtingClassPathChangeChangedEventListener : Restarting due to 1 class path change (0 additions, 0 deletions, 1 modification)
2026-09-29T10:36:08.142-05:00  INFO 21284 --- [demo] [Thread-109] o.s.boot.tomcat.GracefulShutdown         : Commencing graceful shutdown. Waiting for active requests to complete
2026-09-29T10:36:08.754-05:00  INFO 21284 --- [demo] [tomcat-shutdown] o.s.boot.tomcat.GracefulShutdown         : Graceful shutdown complete
2026-09-29T10:36:08.905-05:00  INFO 21284 --- [demo] [restartedMain] com.spring.demo.DemoApplication          : Starting DemoApplication using Java 17.0.20.1 with PID 21284 (C:\Users\EthanWilson\Git_Repos\demo\target\classes started by EthanWilson in C:\Users\EthanWilson\Git_Repos\demo)
2026-09-29T10:36:08.906-05:00  INFO 21284 --- [demo] [restartedMain] com.spring.demo.DemoApplication          : No active profile set, falling back to 1 default profile: "default"
2026-09-29T10:36:09.568-05:00  INFO 21284 --- [demo] [restartedMain] o.s.boot.tomcat.TomcatWebServer          : Tomcat initialized with port 8080 (http)
2026-09-29T10:36:09.570-05:00  INFO 21284 --- [demo] [restartedMain] o.apache.catalina.core.StandardService   : Starting service [Tomcat]
2026-09-29T10:36:09.572-05:00  INFO 21284 --- [demo] [restartedMain] o.apache.catalina.core.StandardEngine    : Starting Servlet engine: [Apache Tomcat/11.0.24]
2026-09-29T10:36:09.622-05:00  INFO 21284 --- [demo] [restartedMain] b.w.c.s.WebApplicationContextInitializer : Root WebApplicationContext: initialization completed in 715 ms
2026-09-29T10:36:10.146-05:00  INFO 21284 --- [demo] [restartedMain] o.s.boot.tomcat.TomcatWebServer          : Tomcat started on port 8080 (http) with context path '/'
2026-09-29T10:36:10.490-05:00  INFO 21284 --- [demo] [restartedMain] o.s.b.a.e.web.EndpointLinksResolver      : Exposing 13 endpoints beneath base path '/actuator'
2026-09-29T10:36:10.495-05:00  INFO 21284 --- [demo] [restartedMain] com.spring.demo.DemoApplication          : Started DemoApplication in 1.627 seconds (process running for 1013.38)
2026-09-29T10:36:10.500-05:00  INFO 21284 --- [demo] [restartedMain] .ConditionEvaluationDeltaLoggingListener : Condition evaluation unchanged
2026-09-29T10:36:15.452-05:00  INFO 21284 --- [demo] [File Watcher] rtingClassPathChangeChangedEventListener : Restarting due to 1 class path change (0 additions, 0 deletions, 1 modification)
2026-09-29T10:36:15.456-05:00  INFO 21284 --- [demo] [Thread-113] o.s.boot.tomcat.GracefulShutdown         : Commencing graceful shutdown. Waiting for active requests to complete
2026-09-29T10:36:16.056-05:00  INFO 21284 --- [demo] [tomcat-shutdown] o.s.boot.tomcat.GracefulShutdown         : Graceful shutdown complete
2026-09-29T10:36:16.187-05:00  INFO 21284 --- [demo] [restartedMain] com.spring.demo.DemoApplication          : Starting DemoApplication using Java 17.0.20.1 with PID 21284 (C:\Users\EthanWilson\Git_Repos\demo\target\classes started by EthanWilson in C:\Users\EthanWilson\Git_Repos\demo)
2026-09-29T10:36:16.188-05:00  INFO 21284 --- [demo] [restartedMain] com.spring.demo.DemoApplication          : No active profile set, falling back to 1 default profile: "default"
2026-09-29T10:36:16.649-05:00  INFO 21284 --- [demo] [restartedMain] o.s.boot.tomcat.TomcatWebServer          : Tomcat initialized with port 8080 (http)
2026-09-29T10:36:16.651-05:00  INFO 21284 --- [demo] [restartedMain] o.apache.catalina.core.StandardService   : Starting service [Tomcat]
2026-09-29T10:36:16.654-05:00  INFO 21284 --- [demo] [restartedMain] o.apache.catalina.core.StandardEngine    : Starting Servlet engine: [Apache Tomcat/11.0.24]
2026-09-29T10:36:16.686-05:00  INFO 21284 --- [demo] [restartedMain] b.w.c.s.WebApplicationContextInitializer : Root WebApplicationContext: initialization completed in 495 ms
2026-09-29T10:36:16.799-05:00  INFO 21284 --- [demo] [restartedMain] o.s.boot.tomcat.TomcatWebServer          : Tomcat started on port 8080 (http) with context path '/'
2026-09-29T10:36:16.927-05:00  INFO 21284 --- [demo] [restartedMain] o.s.b.a.e.web.EndpointLinksResolver      : Exposing 13 endpoints beneath base path '/actuator'
2026-09-29T10:36:16.930-05:00  INFO 21284 --- [demo] [restartedMain] com.spring.demo.DemoApplication          : Started DemoApplication in 0.787 seconds (process running for 1019.815)
2026-09-29T10:36:16.932-05:00  INFO 21284 --- [demo] [restartedMain] .ConditionEvaluationDeltaLoggingListener : Condition evaluation unchanged
2026-09-29T10:36:20.445-05:00  INFO 21284 --- [demo] [File Watcher] rtingClassPathChangeChangedEventListener : Restarting due to 1 class path change (0 additions, 0 deletions, 1 modification)
2026-09-29T10:36:20.448-05:00  INFO 21284 --- [demo] [Thread-117] o.s.boot.tomcat.GracefulShutdown         : Commencing graceful shutdown. Waiting for active requests to complete
2026-09-29T10:36:21.146-05:00  INFO 21284 --- [demo] [tomcat-shutdown] o.s.boot.tomcat.GracefulShutdown         : Graceful shutdown complete
2026-09-29T10:36:21.336-05:00  INFO 21284 --- [demo] [restartedMain] com.spring.demo.DemoApplication          : Starting DemoApplication using Java 17.0.20.1 with PID 21284 (C:\Users\EthanWilson\Git_Repos\demo\target\classes started by EthanWilson in C:\Users\EthanWilson\Git_Repos\demo)
2026-09-29T10:36:21.340-05:00  INFO 21284 --- [demo] [restartedMain] com.spring.demo.DemoApplication          : No active profile set, falling back to 1 default profile: "default"
2026-09-29T10:36:21.997-05:00  INFO 21284 --- [demo] [restartedMain] o.s.boot.tomcat.TomcatWebServer          : Tomcat initialized with port 8080 (http)
2026-09-29T10:36:21.999-05:00  INFO 21284 --- [demo] [restartedMain] o.apache.catalina.core.StandardService   : Starting service [Tomcat]
2026-09-29T10:36:22.000-05:00  INFO 21284 --- [demo] [restartedMain] o.apache.catalina.core.StandardEngine    : Starting Servlet engine: [Apache Tomcat/11.0.24]
2026-09-29T10:36:22.034-05:00  INFO 21284 --- [demo] [restartedMain] b.w.c.s.WebApplicationContextInitializer : Root WebApplicationContext: initialization completed in 691 ms
2026-09-29T10:36:22.196-05:00  INFO 21284 --- [demo] [restartedMain] o.s.boot.tomcat.TomcatWebServer          : Tomcat started on port 8080 (http) with context path '/'
2026-09-29T10:36:22.422-05:00  INFO 21284 --- [demo] [restartedMain] o.s.b.a.e.web.EndpointLinksResolver      : Exposing 13 endpoints beneath base path '/actuator'
2026-09-29T10:36:22.471-05:00  INFO 21284 --- [demo] [restartedMain] com.spring.demo.DemoApplication          : Started DemoApplication in 1.214 seconds (process running for 1025.355)
2026-09-29T10:36:22.491-05:00  INFO 21284 --- [demo] [restartedMain] .ConditionEvaluationDeltaLoggingListener : Condition evaluation unchanged
2026-09-29T10:36:23.607-05:00  INFO 21284 --- [demo] [File Watcher] rtingClassPathChangeChangedEventListener : Restarting due to 1 class path change (0 additions, 0 deletions, 1 modification)
2026-09-29T10:36:23.613-05:00  INFO 21284 --- [demo] [Thread-121] o.s.boot.tomcat.GracefulShutdown         : Commencing graceful shutdown. Waiting for active requests to complete
2026-09-29T10:36:24.190-05:00  INFO 21284 --- [demo] [tomcat-shutdown] o.s.boot.tomcat.GracefulShutdown         : Graceful shutdown complete
2026-09-29T10:36:24.295-05:00  INFO 21284 --- [demo] [restartedMain] com.spring.demo.DemoApplication          : Starting DemoApplication using Java 17.0.20.1 with PID 21284 (C:\Users\EthanWilson\Git_Repos\demo\target\classes started by EthanWilson in C:\Users\EthanWilson\Git_Repos\demo)
2026-09-29T10:36:24.296-05:00  INFO 21284 --- [demo] [restartedMain] com.spring.demo.DemoApplication          : No active profile set, falling back to 1 default profile: "default"
2026-09-29T10:36:25.733-05:00  INFO 21284 --- [demo] [restartedMain] o.s.boot.tomcat.TomcatWebServer          : Tomcat initialized with port 8080 (http)
2026-09-29T10:36:25.735-05:00  INFO 21284 --- [demo] [restartedMain] o.apache.catalina.core.StandardService   : Starting service [Tomcat]
2026-09-29T10:36:25.736-05:00  INFO 21284 --- [demo] [restartedMain] o.apache.catalina.core.StandardEngine    : Starting Servlet engine: [Apache Tomcat/11.0.24]
2026-09-29T10:36:25.799-05:00  INFO 21284 --- [demo] [restartedMain] b.w.c.s.WebApplicationContextInitializer : Root WebApplicationContext: initialization completed in 1501 ms
2026-09-29T10:36:26.022-05:00  INFO 21284 --- [demo] [restartedMain] o.s.boot.tomcat.TomcatWebServer          : Tomcat started on port 8080 (http) with context path '/'
2026-09-29T10:36:26.224-05:00  INFO 21284 --- [demo] [restartedMain] o.s.b.a.e.web.EndpointLinksResolver      : Exposing 13 endpoints beneath base path '/actuator'
2026-09-29T10:36:26.232-05:00  INFO 21284 --- [demo] [restartedMain] com.spring.demo.DemoApplication          : Started DemoApplication in 1.96 seconds (process running for 1029.118)
2026-09-29T10:36:26.246-05:00  INFO 21284 --- [demo] [restartedMain] .ConditionEvaluationDeltaLoggingListener : Condition evaluation unchanged
2026-09-29T10:36:28.420-05:00  INFO 21284 --- [demo] [File Watcher] rtingClassPathChangeChangedEventListener : Restarting due to 1 class path change (0 additions, 0 deletions, 1 modification)
2026-09-29T10:36:28.425-05:00  INFO 21284 --- [demo] [Thread-125] o.s.boot.tomcat.GracefulShutdown         : Commencing graceful shutdown. Waiting for active requests to complete
2026-09-29T10:36:29.248-05:00  INFO 21284 --- [demo] [tomcat-shutdown] o.s.boot.tomcat.GracefulShutdown         : Graceful shutdown complete
2026-09-29T10:36:29.377-05:00  INFO 21284 --- [demo] [restartedMain] com.spring.demo.DemoApplication          : Starting DemoApplication using Java 17.0.20.1 with PID 21284 (C:\Users\EthanWilson\Git_Repos\demo\target\classes started by EthanWilson in C:\Users\EthanWilson\Git_Repos\demo)
2026-09-29T10:36:29.377-05:00  INFO 21284 --- [demo] [restartedMain] com.spring.demo.DemoApplication          : No active profile set, falling back to 1 default profile: "default"
2026-09-29T10:36:29.948-05:00  INFO 21284 --- [demo] [restartedMain] o.s.boot.tomcat.TomcatWebServer          : Tomcat initialized with port 8080 (http)
2026-09-29T10:36:29.949-05:00  INFO 21284 --- [demo] [restartedMain] o.apache.catalina.core.StandardService   : Starting service [Tomcat]
2026-09-29T10:36:29.949-05:00  INFO 21284 --- [demo] [restartedMain] o.apache.catalina.core.StandardEngine    : Starting Servlet engine: [Apache Tomcat/11.0.24]
2026-09-29T10:36:29.981-05:00  INFO 21284 --- [demo] [restartedMain] b.w.c.s.WebApplicationContextInitializer : Root WebApplicationContext: initialization completed in 602 ms
2026-09-29T10:36:30.230-05:00  INFO 21284 --- [demo] [restartedMain] o.s.boot.tomcat.TomcatWebServer          : Tomcat started on port 8080 (http) with context path '/'
2026-09-29T10:36:30.371-05:00  INFO 21284 --- [demo] [restartedMain] o.s.b.a.e.web.EndpointLinksResolver      : Exposing 13 endpoints beneath base path '/actuator'
2026-09-29T10:36:30.374-05:00  INFO 21284 --- [demo] [restartedMain] com.spring.demo.DemoApplication          : Started DemoApplication in 1.036 seconds (process running for 1033.26)
2026-09-29T10:36:30.378-05:00  INFO 21284 --- [demo] [restartedMain] .ConditionEvaluationDeltaLoggingListener : Condition evaluation unchanged
2026-09-29T10:36:31.613-05:00  INFO 21284 --- [demo] [File Watcher] rtingClassPathChangeChangedEventListener : Restarting due to 1 class path change (0 additions, 0 deletions, 1 modification)
2026-09-29T10:36:31.615-05:00  INFO 21284 --- [demo] [Thread-129] o.s.boot.tomcat.GracefulShutdown         : Commencing graceful shutdown. Waiting for active requests to complete
2026-09-29T10:36:32.274-05:00  INFO 21284 --- [demo] [tomcat-shutdown] o.s.boot.tomcat.GracefulShutdown         : Graceful shutdown complete
2026-09-29T10:36:32.392-05:00  INFO 21284 --- [demo] [restartedMain] com.spring.demo.DemoApplication          : Starting DemoApplication using Java 17.0.20.1 with PID 21284 (C:\Users\EthanWilson\Git_Repos\demo\target\classes started by EthanWilson in C:\Users\EthanWilson\Git_Repos\demo)
2026-09-29T10:36:32.393-05:00  INFO 21284 --- [demo] [restartedMain] com.spring.demo.DemoApplication          : No active profile set, falling back to 1 default profile: "default"
2026-09-29T10:36:32.912-05:00  INFO 21284 --- [demo] [restartedMain] o.s.boot.tomcat.TomcatWebServer          : Tomcat initialized with port 8080 (http)
2026-09-29T10:36:32.913-05:00  INFO 21284 --- [demo] [restartedMain] o.apache.catalina.core.StandardService   : Starting service [Tomcat]
2026-09-29T10:36:32.913-05:00  INFO 21284 --- [demo] [restartedMain] o.apache.catalina.core.StandardEngine    : Starting Servlet engine: [Apache Tomcat/11.0.24]
2026-09-29T10:36:32.936-05:00  INFO 21284 --- [demo] [restartedMain] b.w.c.s.WebApplicationContextInitializer : Root WebApplicationContext: initialization completed in 542 ms
2026-09-29T10:36:33.045-05:00  INFO 21284 --- [demo] [restartedMain] o.s.boot.tomcat.TomcatWebServer          : Tomcat started on port 8080 (http) with context path '/'
2026-09-29T10:36:33.169-05:00  INFO 21284 --- [demo] [restartedMain] o.s.b.a.e.web.EndpointLinksResolver      : Exposing 13 endpoints beneath base path '/actuator'
2026-09-29T10:36:33.186-05:00  INFO 21284 --- [demo] [restartedMain] com.spring.demo.DemoApplication          : Started DemoApplication in 0.833 seconds (process running for 1036.071)
2026-09-29T10:36:33.190-05:00  INFO 21284 --- [demo] [restartedMain] .ConditionEvaluationDeltaLoggingListener : Condition evaluation unchanged
2026-09-29T10:36:44.733-05:00  INFO 21284 --- [demo] [File Watcher] rtingClassPathChangeChangedEventListener : Restarting due to 1 class path change (0 additions, 0 deletions, 1 modification)
2026-09-29T10:36:44.748-05:00  INFO 21284 --- [demo] [Thread-133] o.s.boot.tomcat.GracefulShutdown         : Commencing graceful shutdown. Waiting for active requests to complete
2026-09-29T10:36:45.737-05:00  INFO 21284 --- [demo] [tomcat-shutdown] o.s.boot.tomcat.GracefulShutdown         : Graceful shutdown complete
2026-09-29T10:36:45.860-05:00  INFO 21284 --- [demo] [restartedMain] com.spring.demo.DemoApplication          : Starting DemoApplication using Java 17.0.20.1 with PID 21284 (C:\Users\EthanWilson\Git_Repos\demo\target\classes started by EthanWilson in C:\Users\EthanWilson\Git_Repos\demo)
2026-09-29T10:36:45.860-05:00  INFO 21284 --- [demo] [restartedMain] com.spring.demo.DemoApplication          : No active profile set, falling back to 1 default profile: "default"
2026-09-29T10:36:46.314-05:00  INFO 21284 --- [demo] [restartedMain] o.s.boot.tomcat.TomcatWebServer          : Tomcat initialized with port 8080 (http)
2026-09-29T10:36:46.315-05:00  INFO 21284 --- [demo] [restartedMain] o.apache.catalina.core.StandardService   : Starting service [Tomcat]
2026-09-29T10:36:46.316-05:00  INFO 21284 --- [demo] [restartedMain] o.apache.catalina.core.StandardEngine    : Starting Servlet engine: [Apache Tomcat/11.0.24]
2026-09-29T10:36:46.337-05:00  INFO 21284 --- [demo] [restartedMain] b.w.c.s.WebApplicationContextInitializer : Root WebApplicationContext: initialization completed in 476 ms
2026-09-29T10:36:46.454-05:00  INFO 21284 --- [demo] [restartedMain] o.s.boot.tomcat.TomcatWebServer          : Tomcat started on port 8080 (http) with context path '/'
2026-09-29T10:36:46.579-05:00  INFO 21284 --- [demo] [restartedMain] o.s.b.a.e.web.EndpointLinksResolver      : Exposing 13 endpoints beneath base path '/actuator'
2026-09-29T10:36:46.584-05:00  INFO 21284 --- [demo] [restartedMain] com.spring.demo.DemoApplication          : Started DemoApplication in 0.754 seconds (process running for 1049.469)
2026-09-29T10:36:46.591-05:00  INFO 21284 --- [demo] [restartedMain] .ConditionEvaluationDeltaLoggingListener : Condition evaluation unchanged
2026-09-29T10:37:07.959-05:00  INFO 21284 --- [demo] [http-nio-8080-exec-1] o.a.c.c.C.[Tomcat].[localhost].[/]       : Initializing Spring DispatcherServlet 'dispatcherServlet'
2026-09-29T10:37:07.963-05:00  INFO 21284 --- [demo] [http-nio-8080-exec-1] o.s.web.servlet.DispatcherServlet        : Initializing Servlet 'dispatcherServlet'
2026-09-29T10:37:07.978-05:00  INFO 21284 --- [demo] [http-nio-8080-exec-1] o.s.web.servlet.DispatcherServlet        : Completed initialization in 14 ms
2026-09-29T10:37:08.012-05:00  INFO 21284 --- [demo] [http-nio-8080-exec-1] r$InitializeUserDetailsManagerConfigurer : Global AuthenticationManager configured with UserDetailsService bean with name inMemoryUserDetailsManager
